data,prediction
0,0.0694746666666668
0,0.0420460000000001
0,0.040874
0,0.0433003333333334
0,0.0678403333333334
0,0.0776296666666668
0,0.038019
0,0.0846310000000001
0,0.0552736666666668
0,0.104909666666667
0,0.192978666666666
0,0.0836066666666668
0,0.112109666666667
0,0.0854876666666668
0,0.0749326666666669
0,0.0814590000000001
0,0.0959263333333333
0,0.08767
0,0.0727150000000001
0,0.0579420000000002
1,0.980496333333334
1,0.990513333333335
1,0.991452666666669
1,0.980558000000001
1,0.986776666666668
1,0.965891666666669
1,0.991810666666668
1,0.990942000000003
1,0.994554000000002
1,0.984754333333335
1,0.975936666666668
1,0.995807000000002
1,0.991353666666669
1,0.986214666666668
1,0.972276333333336
1,0.996102000000002
1,0.990516333333336
1,0.994802333333335
1,0.980255666666667
1,0.987288000000001
0.25,0.47449
0.25,0.323610944862156
0.25,0.390381666666667
0.25,0.308524
0.25,0.0852187407407408
0.25,0.354799
0.25,0.0985203333333333
0.25,0.095214
0.25,0.220714333333333
0.25,0.207517833333333
0.25,0.313724
0.25,0.427266666666668
0.25,0.296123333333333
0.25,0.110870666666667
0.25,0.331115666666667
0.25,0.374334000000001
0.25,0.0495559855072465
0.25,0.276087
0.25,0.352950888888889
0.25,0.345071333333334
0.75,0.729038333333332
0.75,0.607753333333333
0.75,0.700209999999999
0.75,0.789843666666669
0.75,0.778783333333335
0.75,0.748860000000001
0.75,0.559948333333333
0.75,0.558726574025353
0.75,0.755108000000001
0.75,0.594259095238095
0.75,0.653989999999999
0.75,0.866399333333331
0.75,0.665359999999999
0.75,0.469338775142732
0.75,0.422862666666667
0.75,0.804886666666666
0.75,0.822657333333334
0.75,0.701116666666666
0.75,0.6910675
0.75,0.670138333333333
0,0.0217123333333333
0,0.017222
0,0.0379853333333334
0,0.0259443333333333
0,0.0342456666666667
0,0.0531280740740742
0,0.0153943333333333
0,0.0179443333333333
0,0.018217
0,0.0186263333333333
0,0.0527900000000001
0,0.013264
0,0.034344760206303
0,0.0185606666666666
0,0.0255883333333333
0,0.0283333333333333
0,0.0267193333333333
0,0.014111
0,0.0308223333333333
0,0.016827
1,0.993317333333335
1,0.993843333333334
1,0.990108000000001
1,0.986636666666669
1,0.994931666666668
1,0.993807333333334
1,0.995852666666668
1,0.996902666666668
1,0.992058000000002
1,0.995297000000002
1,0.996610666666668
1,0.994403000000001
1,0.992901000000001
1,0.995664333333334
1,0.997513666666668
1,0.994119666666668
1,0.984676666666667
1,0.995278000000001
1,0.996076666666668
1,0.996151666666668
0.25,0.0847876666666669
0.25,0.407956666666667
0.25,0.0723773333333335
0.25,0.33822
0.25,0.459643333333333
0.25,0.133516
0.25,0.0686196666666668
0.25,0.335517666666667
0.25,0.230070952380952
0.25,0.683703333333332
0.25,0.0496370000000001
0.25,0.724882666666667
0.25,0.376454
0.25,0.0976766666666668
0.25,0.473466666666667
0.25,0.249123702927214
0.25,0.326623333333334
0.25,0.523043333333333
0.25,0.195989666666667
0.25,0.447835666666667
0.75,0.52854
0.75,0.601053333333334
0.75,0.794793000000003
0.75,0.497686666666667
0.75,0.700221333333333
0.75,0.782262666666667
0.75,0.65576
0.75,0.728339333333333
0.75,0.70459333333333
0.75,0.632373333333334
0.75,0.660503724149075
0.75,0.870944999999998
0.75,0.874285333333328
0.75,0.686704666666666
0.75,0.764275000000001
0.75,0.789775000000002
0.75,0.638216666666667
0.75,0.775031666666669
0.75,0.619059999999999
0.75,0.698729999999999
0,0.0717243333333335
0,0.110373
0,0.094111
0,0.234405
0,0.0693753333333336
0,0.101414333333333
0,0.129837
0,0.0537246666666668
0,0.104127333333333
0,0.0448306666666667
0,0.108708333333333
0,0.0982253333333333
0,0.1303215
0,0.130210333333334
0,0.104778
0,0.149566
0,0.0947533333333334
0,0.128394333333333
0,0.130109
0,0.0706856666666668
1,0.99181266666667
1,0.991921000000002
1,0.998275666666668
1,0.997891000000001
1,0.992376000000003
1,0.992964666666669
1,0.993084333333335
1,0.993057666666669
1,0.985217666666669
1,0.981418666666669
1,0.991599666666668
1,0.993379000000002
1,0.992657333333335
1,0.99559566666667
1,0.991629333333336
1,0.988101666666669
1,0.994181666666668
1,0.996250666666669
1,0.989712000000002
1,0.989765333333334
0.25,0.449027428571429
0.25,0.230788666666667
0.25,0.27152
0.25,0.0833016666666668
0.25,0.0651243333333336
0.25,0.283270666666667
0.25,0.18708
0.25,0.376083333333334
0.25,0.0681880000000001
0.25,0.385254
0.25,0.374060000000001
0.25,0.211723
0.25,0.302667
0.25,0.0919436666666667
0.25,0.261754666666666
0.25,0.461630666666666
0.25,0.161035333333333
0.25,0.306517816091954
0.25,0.341754
0.25,0.432053333333334
0.75,0.75186
0.75,0.817673333333335
0.75,0.548303333333333
0.75,0.674049333333332
0.75,0.675715166666667
0.75,0.527613333333333
0.75,0.669593333333333
0.75,0.7278
0.75,0.556743329749103
0.75,0.88636033333333
0.75,0.595686666666666
0.75,0.67418
0.75,0.652827558253571
0.75,0.637127999999999
0.75,0.791113333333334
0.75,0.651496666666665
0.75,0.899196333333328
0.75,0.635685263157894
0.75,0.731885333333334
0.75,0.84818924242424
0,0.0155866666666667
0,0.0331136666666666
0,0.0145273333333333
0,0.0415296666666667
0,0.0279463333333333
0,0.030567
0,0.02449
0,0.0216966666666666
0,0.0208426666666667
0,0.0146703333333333
0,0.0443256666666667
0,0.024648
0,0.030007
0,0.095618
0,0.0193873333333333
0,0.0299663333333333
0,0.0231216666666667
0,0.0185583333333333
0,0.0173026666666666
0,0.0466683333333333
1,0.998296000000001
1,0.997602666666668
1,0.996251666666667
1,0.993359666666668
1,0.994903333333335
1,0.994199333333334
1,0.997589000000002
1,0.996339000000001
1,0.992239000000001
1,0.993159666666668
1,0.990813000000001
1,0.994892666666668
1,0.998807666666667
1,0.991450000000002
1,0.996282666666667
1,0.994842666666668
1,0.992120666666667
1,0.997185333333334
1,0.998802333333334
1,0.997261333333335
0.25,0.235082
0.25,0.0794706666666668
0.25,0.0721240000000001
0.25,0.207785666666666
0.25,0.0490273333333335
0.25,0.305818666666666
0.25,0.179463333333334
0.25,0.402576666666668
0.25,0.336759
0.25,0.150258333333333
0.25,0.338267333333334
0.25,0.0566140000000001
0.25,0.29487
0.25,0.329254
0.25,0.0596776666666669
0.25,0.233578
0.25,0.0842750000000002
0.25,0.281660333333333
0.25,0.32323
0.25,0.0624123333333336
0.75,0.741996666666668
0.75,0.710937
0.75,0.485008666666666
0.75,0.88843933333333
0.75,0.671138571428571
0.75,0.71308
0.75,0.5855
0.75,0.513136666666667
0.75,0.751223333333334
0.75,0.515526666666666
0.75,0.714784
0.75,0.67188
0.75,0.531559999999999
0.75,0.674183333333333
0.75,0.731183333333333
0.75,0.732266666666667
0.75,0.713986
0.75,0.43419
0.75,0.765436666666668
0.75,0.714623333333333
0,0.0407650000000001
0,0.0500043333333334
0,0.0232346666666666
0,0.038895
0,0.0499973333333334
0,0.0294939999999999
0,0.0533543333333335
0,0.0458930000000001
0,0.0349633333333333
0,0.0209099999999999
0,0.0548993333333335
0,0.0607203333333335
0,0.147952
0,0.032769
0,0.0599036666666668
0,0.0603650000000002
0,0.0462754285714287
0,0.0539150000000001
0,0.0564286666666669
0,0.0339753333333333
1,0.988967000000003
1,0.992748333333336
1,0.99404466666667
1,0.991377000000003
1,0.994427666666669
1,0.988156333333335
1,0.990731000000002
1,0.988846000000002
1,0.990249666666669
1,0.98309166666667
1,0.987766333333335
1,0.965618000000003
1,0.977154666666669
1,0.994789000000002
1,0.992005333333337
1,0.996501000000002
1,0.970277333333335
1,0.979569333333335
1,0.992070000000001
1,0.993924333333335
0.25,0.0583696666666669
0.25,0.550126666666666
0.25,0.495516666666667
0.25,0.0561613333333335
0.25,0.0329005550082101
0.25,0.0529143333333335
0.25,0.387035
0.25,0.328139
0.25,0.0463760000000001
0.25,0.296933666666667
0.25,0.0275983333333333
0.25,0.120401333333334
0.25,0.341355333333334
0.25,0.204115
0.25,0.358043444444445
0.25,0.0344408883415435
0.25,0.0410673333333333
0.25,0.109057
0.25,0.033828
0.25,0.319445
0.75,0.68439
0.75,0.797812666666668
0.75,0.730273285714285
0.75,0.810721000000001
0.75,0.86055333333333
0.75,0.775983333333335
0.75,0.825585666666666
0.75,0.744150333333335
0.75,0.825174545454546
0.75,0.714411666666666
0.75,0.7354635
0.75,0.763400333333334
0.75,0.728533333333334
0.75,0.464503227932053
0.75,0.673738
0.75,0.871670333333331
0.75,0.727296
0.75,0.633273333333332
0.75,0.915901666666664
0.75,0.792413333333334
0,0.0694800000000002
0,0.0350656666666667
0,0.0563236363636366
0,0.0399760000000001
0,0.0204683333333333
0,0.0427676666666668
0,0.017492
0,0.0140976363636363
0,0.0209806666666666
0,0.0386473333333334
0,0.035818
0,0.0511260000000002
0,0.0638440000000002
0,0.0171496666666666
0,0.0308409999999999
0,0.0352126363636364
0,0.0333385611339803
0,0.00747799999999996
0,0.0276826666666666
0,0.0256546666666666
1,0.996983000000001
1,0.998436333333334
1,0.991433666666668
1,0.998335666666667
1,0.997191666666668
1,0.996126333333335
1,0.994721000000002
1,0.997366333333334
1,0.983679333333334
1,0.989793333333335
1,0.994960666666668
1,0.994211000000002
1,0.996079000000001
1,0.993838000000002
1,0.997182666666667
1,0.998067000000001
1,0.997391000000001
1,0.997878000000001
1,0.978585333333334
1,0.997796000000001
0.25,0.232348666666667
0.25,0.229167333333333
0.25,0.303611666666667
0.25,0.240335666666667
0.25,0.143817333333334
0.25,0.276377888888889
0.25,0.0427363333333334
0.25,0.158362
0.25,0.407509444444445
0.25,0.408438333333335
0.25,0.292634666666667
0.25,0.310759555555556
0.25,0.0454443030303031
0.25,0.204859
0.25,0.329363333333334
0.25,0.349625333333335
0.25,0.258605
0.25,0.0536683333333336
0.25,0.27513
0.25,0.0235439999999999
0.75,0.736753333333335
0.75,0.488517333333333
0.75,0.897867333333327
0.75,0.474789666666667
0.75,0.852715333333332
0.75,0.752074266666667
0.75,0.696354666666666
0.75,0.698059999999998
0.75,0.729395
0.75,0.80451466666667
0.75,0.71563
0.75,0.677729999999999
0.75,0.663509999999999
0.75,0.745326378151261
0.75,0.739576666666668
0.75,0.730106666666668
0.75,0.893155333333329
0.75,0.757610000000002
0.75,0.886076666666662
0.75,0.67938880392157
0,0.0281509999999999
0,0.0310809999999999
0,0.0378863333333334
0,0.0606426666666668
0,0.0613886666666668
0,0.0499606666666668
0,0.0243529999999999
0,0.0519433333333335
0,0.0431653333333334
0,0.0365446666666667
0,0.0269359999999999
0,0.0154813333333333
0,0.0718043333333335
0,0.177825333333334
0,0.0587110000000002
0,0.0280699999999999
0,0.0440006666666668
0,0.0722823333333334
0,0.0199299999999999
0,0.0208709999999999
1,0.985931000000003
1,0.993557666666669
1,0.995217333333335
1,0.992991333333336
1,0.994374333333336
1,0.990142333333335
1,0.990147333333335
1,0.996397666666669
1,0.994457333333336
1,0.996253000000002
1,0.994500000000003
1,0.995999333333335
1,0.994628333333335
1,0.992688333333336
1,0.992611333333336
1,0.983378333333335
1,0.996267000000002
1,0.993288000000003
1,0.981156333333336
1,0.991790000000003
0.25,0.0765790000000002
0.25,0.109877333333333
0.25,0.0667046666666669
0.25,0.0573990000000002
0.25,0.520070666666666
0.25,0.25413
0.25,0.0586540000000002
0.25,0.0350533333333333
0.25,0.0220369999999999
0.25,0.222609
0.25,0.180665666666667
0.25,0.0747073333333335
0.25,0.420301666666668
0.25,0.232375666666667
0.25,0.244054666666667
0.25,0.331421666666667
0.25,0.0395856666666667
0.25,0.239282333333333
0.25,0.355486666666668
0.25,0.0968033333333335
0.75,0.784715666666668
0.75,0.57519182985843
0.75,0.576899999999999
0.75,0.708963333333332
0.75,0.554725333333333
0.75,0.760457542124543
0.75,0.659659999999999
0.75,0.74993
0.75,0.647963333333332
0.75,0.677881666666666
0.75,0.743229257216787
0.75,0.811800000000002
0.75,0.805048333333334
0.75,0.885732999999996
0.75,0.85335133333333
0.75,0.681894499999999
0.75,0.645960000000001
0.75,0.723103333333334
0.75,0.828560142857142
0.75,0.825436333333334
0,0.0132076666666666
0,0.0135683333333333
0,0.0117906666666666
0,0.0171689999999999
0,0.0410613333333334
0,0.0164399999999999
0,0.0120476666666666
0,0.0168001521252796
0,0.0138899999999999
0,0.0130326666666666
0,0.0419516666666668
0,0.0130676666666666
0,0.108291333333333
0,0.0225679999999999
0,0.0167809999999999
0,0.0164326666666666
0,0.0139233333333333
0,0.0174038187919462
0,0.0211949999999999
0,0.0229323333333333
1,0.977428333333335
1,0.991453333333335
1,0.998331000000001
1,0.988155000000001
1,0.985526000000002
1,0.995338000000001
1,0.970960666666669
1,0.963884666666668
1,0.993917000000001
1,0.996587666666668
1,0.989369666666668
1,0.998076000000001
1,0.993840333333334
1,0.996793000000001
1,0.952149000000002
1,0.998130333333334
1,0.997614000000001
1,0.970385000000003
1,0.993394333333335
1,0.995666333333334
0.25,0.0132256666666666
0.25,0.0177618187919462
0.25,0.152397
0.25,0.300775
0.25,0.345053333333334
0.25,0.51195
0.25,0.537676666666666
0.25,0.495526666666666
0.25,0.170711333333333
0.25,0.406953333333335
0.25,0.0108906666666666
0.25,0.30928
0.25,0.284576666666667
0.25,0.18949
0.25,0.0225973333333333
0.25,0.513770666666666
0.25,0.182635619047619
0.25,0.179464666666667
0.25,0.171717
0.25,0.165622666666667
0.75,0.430209666666667
0.75,0.624526666666665
0.75,0.508003333333333
0.75,0.764816666666669
0.75,0.75844429411765
0.75,0.74151
0.75,0.737340000000001
0.75,0.710611666666664
0.75,0.712703333333333
0.75,0.748853333333334
0.75,0.829354848484847
0.75,0.723406666666667
0.75,0.887171333333328
0.75,0.854403333333332
0.75,0.717318333333333
0.75,0.857662666666664
0.75,0.690274444444445
0.75,0.839606666666667
0.75,0.493933333333333
0.75,0.65342
1,0.995938000000002
1,0.988644666666669
1,0.991791000000002
1,0.990531333333336
1,0.976902000000002
1,0.994946666666669
1,0.997237000000001
1,0.995250000000002
1,0.995692333333336
1,0.981544666666669
1,0.993103333333337
1,0.993809000000003
1,0.995830333333335
1,0.991399666666669
1,0.992039333333336
1,0.989729333333336
1,0.986010000000002
1,0.996669000000001
1,0.992208333333335
0.25,0.103818
0.25,0.0596963333333335
0.25,0.289267
0.75,0.6643585
0.75,0.662985
0.75,0.690296666666665
0.75,0.65835
0.75,0.57182
0.75,0.632451333333332
0.75,0.668199999999999
0.75,0.806105000000002
0.75,0.475458666666667
0.75,0.481706666666667
0.75,0.632637878787878
0.75,0.877596333333329
0.75,0.643053333333333
0.75,0.801916666666668
0.75,0.774851666666668
0.75,0.684037666666666
0.75,0.461236666666667
0.75,0.762585
0.75,0.791670666666667
0.75,0.61544
0,0.0313086666666666
0,0.0374796666666667
0,0.0201926666666667
0,0.0769013333333334
0,0.0314773333333333
0,0.0264146666666666
0,0.0278783333333333
0,0.0407366666666667
0,0.0327636666666667
0,0.0267746666666667
0,0.0240843333333333
0,0.0143043333333333
0,0.0207353333333333
0,0.024463
0,0.0323606666666666
0,0.0234536666666667
0,0.0244076666666667
0,0.0317303333333333
0,0.084149
0,0.025129
1,0.998862333333334
1,0.998057000000001
1,0.995645666666668
1,0.996009333333335
1,0.989760000000001
1,0.997487666666668
1,0.996821000000001
1,0.985133
1,0.994240000000002
1,0.993689333333334
1,0.993365666666669
1,0.994356000000001
1,0.986349000000001
1,0.995318666666668
1,0.993274666666668
1,0.995629666666668
1,0.997798000000001
1,0.997332333333335
1,0.994980666666667
1,0.997126666666667
0.25,0.232499666666667
0.25,0.265622666666667
0.25,0.361863333333334
0.25,0.245825
0.25,0.348568666666667
0.25,0.50727
0.25,0.229333
0.25,0.187673333333333
0.25,0.262965333333333
0.25,0.172695238095238
0.25,0.277087333333333
0.25,0.309084
0.25,0.252092333333334
0.25,0.281522666666667
0.25,0.24748
0.25,0.287672
0.25,0.0739203333333334
0.25,0.0668140000000002
0.25,0.172647
0.25,0.215392666666667
0.75,0.628083333333333
0.75,0.701816666666666
0.75,0.734740333333333
0.75,0.979912333333336
0.75,0.453476666666667
0.75,0.54417
0.75,0.800466555555556
0.75,0.729156666666668
0.75,0.566177999999999
0.75,0.820012
0.75,0.719755666666667
0.75,0.666203333333332
0.75,0.719086666666666
0.75,0.740125455782314
0.75,0.86359533333333
0.75,0.797443333333335
0.75,0.782222333333334
0.75,0.892863666666661
0.75,0.487796666666667
0.75,0.701300000000001
1,0.860267954900993
1,0.949347147914558
1,0.8924609329269
1,0.732846042429056
1,0.94724682737274
1,0.885875903590143
1,0.935735907859836
1,0.927946252166158
1,0.974283212385681
1,0.792645232933538
1,0.880076087289308
1,0.937475647819157
1,0.915717062153452
1,0.941348792168073
1,0.898112923027374
1,0.938393881907648
1,0.855536934992082
1,0.940508130961322
1,0.94007921874329
0.25,0.556913272638309
0.25,0.10865854293288
0.25,0.468148786601444
0.75,0.846889473272514
0.75,0.52506966976274
0.75,0.627047572037971
0.75,0.321407828630149
0.75,0.761013009323812
0.75,0.661586915405434
0.75,0.557322928789809
0.75,0.674722997467541
0.75,0.69162951843184
0.75,0.747927718949459
0.75,0.714369116659735
0.75,0.899287446623588
0.75,0.737360689182942
0.75,0.24627180058181
0.75,0.755378252966348
0.75,0.145782655354691
0.75,0.436455494151248
0.75,0.850164578926902
0.75,0.595890786468842
0.75,0.933966957686531
0,0.158580543925148
0,0.144460125556447
0,0.0839992253522641
0,0.0753977438347339
0,0.163225367058129
0,0.0652201538477242
0,0.0995909672158035
0,0.104814753360639
0,0.213630294792703
0,0.0422568089343652
0,0.160327595975531
0,0.0958364765274389
0,0.110513695248224
0,0.0989113796034439
0,0.0865525325333434
0,0.0394211129676727
0,0.209412525754896
0,0.140760920561876
0,0.160249116651282
0,0.108472413031732
1,0.85250160495705
1,0.967096815130909
1,0.841186353377201
1,0.960804784779871
1,0.942995833697309
1,0.95964415622628
1,0.960363727054652
1,0.960309003353089
1,0.954978834826879
1,0.750999627144788
1,0.945207486882049
1,0.978691472318869
1,0.922436087649713
1,0.921902152984058
1,0.858576252615147
1,0.883177147182689
1,0.974038691768522
1,0.982013862617258
1,0.979464605871206
1,0.9471592151551
0.25,0.13678488436452
0.25,0.15990284312933
0.25,0.369722834718409
0.25,0.30779615469459
0.25,0.268276448502225
0.25,0.73123407426217
0.25,0.144325817569645
0.25,0.435273408152897
0.25,0.250205724961046
0.25,0.444993623033312
0.25,0.154604721251455
0.25,0.0967558698707595
0.25,0.44900562024313
0.25,0.461030376205874
0.25,0.121792069631318
0.25,0.175403746759573
0.25,0.234630240938701
0.25,0.583750135591991
0.25,0.309046610304225
0.25,0.304119384887216
0.75,0.652407294319732
0.75,0.639812026690302
0.75,0.531914335127358
0.75,0.805206564437525
0.75,0.710716243958954
0.75,0.719288561496389
0.75,0.973646910071048
0.75,0.47602127831203
0.75,0.85524473367822
0.75,0.901994328386168
0.75,0.413966607872125
0.75,0.546197564091556
0.75,0.667035335563019
0.75,0.450698158397339
0.75,0.51545350794698
0.75,0.908502423745962
0.75,0.664924333874777
0.75,0.514267799155552
0.75,0.800693765496808
0.75,0.637663239149246
0,0.0370224285714286
0,0.0528480000000002
0,0.0639380000000002
0,0.0921620000000001
0,0.0393387931034483
0,0.037032
0,0.0292806666666666
0,0.0414070000000001
0,0.036537
0,0.0905456666666668
0,0.0409111264367816
0,0.0373880000000001
0,0.0404993333333334
0,0.035132
0,0.0577953333333335
0,0.258111
0,0.0642630000000002
0,0.0956230000000003
0,0.0297693520445072
0,0.0348708095238095
1,0.991083333333335
1,0.994097000000002
1,0.978807333333335
1,0.99320866666667
1,0.993860666666669
1,0.989749333333336
1,0.991043333333335
1,0.993771666666669
1,0.995284666666669
1,0.995021666666669
1,0.991595000000003
1,0.996474000000002
1,0.988175666666669
1,0.993461666666669
1,0.977856000000002
1,0.981699000000003
1,0.994283666666669
1,0.982841000000002
1,0.994439000000003
1,0.987484333333335
0.25,0.182064666666667
0.25,0.295599333333334
0.25,0.0286153333333333
0.25,0.531628666666667
0.25,0.155242666666667
0.25,0.160259666666667
0.25,0.286309
0.25,0.261890835497836
0.25,0.0545473333333336
0.25,0.105240666666667
0.25,0.250470666666667
0.25,0.341318700445157
0.25,0.436009000000001
0.25,0.215341333333333
0.25,0.258785
0.25,0.0737063333333334
0.25,0.0556576666666669
0.25,0.0689466666666668
0.25,0.0534886666666668
0.25,0.369565
0.75,0.566882
0.75,0.710572000000001
0.75,0.757920000000001
0.75,0.670336666666666
0.75,0.825872666666667
0.75,0.849930999999999
0.75,0.903847291791541
0.75,0.761434
0.75,0.842861666666666
0.75,0.7690181985348
0.75,0.693556666666666
0.75,0.748918333333334
0.75,0.652138333333333
0.75,0.801743000000002
0.75,0.734361333333333
0.75,0.558683333333333
0.75,0.614663333333333
0.75,0.782634666666669
0.75,0.757107969696971
0.75,0.785318333333335
0,0.0166513333333333
0,0.0408693333333333
0,0.0504773333333335
0,0.0300186666666666
0,0.036343
0,0.0344548883415435
0,0.166457333333333
0,0.0190506666666666
0,0.0274876363636363
0,0.0223259999999999
0,0.0266394285714285
0,0.0361606666666667
0,0.0344110829675595
0,0.024782
0,0.0125206666666666
0,0.0251849999999999
0,0.0465790000000001
0,0.037741303030303
0,0.0191806666666666
0,0.0169109999999999
1,0.997361666666668
1,0.998423333333334
1,0.998581333333334
1,0.994149333333335
1,0.997378666666668
1,0.997704666666668
1,0.997658666666668
1,0.994712000000002
1,0.996489333333335
1,0.973463666666668
1,0.985584666666668
1,0.997661666666667
1,0.995359333333335
1,0.993843000000001
1,0.996771000000002
1,0.995223666666668
1,0.993193000000001
1,0.997525333333334
1,0.997025333333334
1,0.981763000000001
0.25,0.0147723333333333
0.25,0.381833333333335
0.25,0.382360000000001
0.25,0.261429755813954
0.25,0.297678111111111
0.25,0.262720333333333
0.25,0.105494
0.25,0.297045333333333
0.25,0.279124
0.25,0.0649700000000002
0.25,0.202664333333334
0.25,0.0490689696969698
0.25,0.511755
0.25,0.244530502164502
0.25,0.225377333333333
0.25,0.159032333333334
0.25,0.47708
0.25,0.348416666666668
0.25,0.0195433333333333
0.25,0.203636333333334
0.75,0.686750237179487
0.75,0.797053333333337
0.75,0.651943333333333
0.75,0.650813333333334
0.75,0.569716666666666
0.75,0.75620184238766
0.75,0.754010000000002
0.75,0.806461666666669
0.75,0.823490000000001
0.75,0.765643333333336
0.75,0.714331666666666
0.75,0.792043333333337
0.75,0.687909999999999
0.75,0.826230333333332
0.75,0.864069333333331
0.75,0.402325
0.75,0.844858666666666
0.75,0.889528333333332
0.75,0.498306666666666
0.75,0.5059
0,0.108676050575714
0,0.0673289970292556
0,0.132206479516274
0,0.10803838745046
0,0.151686041497098
0,0.114648290109641
0,0.102358897701976
0,0.0852750766559821
0,0.222368959863946
0,0.121906978826554
0,0.133948976180743
0,0.137354740508738
0,0.169859301105221
0,0.0935722297636591
0,0.079723327003012
0,0.0544582703818372
0,0.103095589125633
0,0.179895819719796
0,0.201340594854095
0,0.0497133993993996
1,0.953128230893099
1,0.963783333333333
1,0.965910811206129
1,0.950364057917942
1,0.884445936330907
1,0.994556000000003
1,0.94742270076945
1,0.914899147699758
1,0.956345
1,0.982135878089228
1,0.981740340154853
1,0.968423000000001
1,0.963006333333333
1,0.991034333333336
1,0.936060333333333
1,0.985742000000002
1,0.96699072760186
1,0.97890966666667
1,0.955662688105792
1,0.95843489828565
0.25,0.316863010135617
0.25,0.413901136840788
0.25,0.352181068420436
0.25,0.282925639138639
0.25,0.437763931062234
0.25,0.313068735299193
0.25,0.123241646344213
0.25,0.218781145467908
0.25,0.207949899369845
0.25,0.343203244204941
0.25,0.0607585791896221
0.25,0.0765233872180444
0.25,0.0945453569944926
0.25,0.247124037589742
0.25,0.252337239594429
0.25,0.149603385965711
0.25,0.24216426706518
0.25,0.10880021883009
0.25,0.129327981989361
0.25,0.0446290017037468
0.75,0.618243236479194
0.75,0.673753
0.75,0.785730666666671
0.75,0.470284677323837
0.75,0.536791872300449
0.75,0.771128666666668
0.75,0.684663467831662
0.75,0.69684705545617
0.75,0.711705824715911
0.75,0.581948724895074
0.75,0.545841212121212
0.75,0.619248483709273
0.75,0.801597000000001
0.75,0.830160775116714
0.75,0.676088448100319
0.75,0.646579649313937
0.75,0.699133065158391
0.75,0.708148241269878
0.75,0.739749374445355
0.75,0.502802324247465
0,0.207775533274439
0,0.263979620368077
0,0.09526347943332
0,0.0948467989307082
0,0.0886227292166131
0,0.0204313262688153
0,0.0528024039762536
0,0.071455063304038
0,0.130911666666667
0,0.057135320636258
0,0.0654566254509792
0,0.125080797101449
0,0.125275449815268
0,0.0249865714285713
0,0.0457641666666668
0,0.13967570995671
0,0.0968894565217393
0,0.101653259599483
0,0.151848877476873
0,0.0414016268934584
1,0.958140754043
1,0.856661962479556
1,0.994617000000003
1,0.988763333333336
1,0.987059333333336
1,0.928377711933068
1,0.989816666666668
1,0.970605445566718
1,0.913074156543862
1,0.994623333333335
1,0.989148333333336
1,0.951467
1,0.933027333333333
1,0.963206571428571
1,0.974898333333334
1,0.977189000000002
1,0.973424197288731
1,0.987177666666669
1,0.938767898368064
1,0.952387153846155
0.25,0.415339889208831
0.25,0.141185862318841
0.25,0.413041985481997
0.25,0.137602971732547
0.25,0.265897276793399
0.25,0.109013373996235
0.25,0.475577292063492
0.25,0.184165465068748
0.25,0.25645209039548
0.25,0.259461079365079
0.25,0.287900115960548
0.25,0.523783333333334
0.25,0.111592874538127
0.25,0.0953280254291801
0.25,0.358671450980393
0.25,0.166730795436742
0.25,0.205798769374417
0.25,0.513496999999999
0.25,0.235627558897243
0.25,0.176432748270628
0.75,0.847273333333332
0.75,0.334275300698822
0.75,0.795700666666669
0.75,0.531856666666666
0.75,0.751738788352274
0.75,0.817178010390956
0.75,0.837420333333333
0.75,0.519748062391067
0.75,0.822958320605435
0.75,0.584254666666667
0.75,0.739186666666668
0.75,0.819274190476192
0.75,0.699619944948152
0.75,0.733379666666668
0.75,0.61430097594246
0.75,0.602647888035308
0.75,0.839421557429258
0.75,0.805307117669583
0.75,0.800790892271642
0.75,0.632058094831383
0,0.0881543333333335
0,0.0898613333333335
1,0.969533000000002
1,0.984853666666669
1,0.995335333333336
1,0.989050666666668
1,0.972051000000001
1,0.995153666666669
1,0.997833666666668
1,0.997754333333334
1,0.994039666666668
1,0.979580000000002
1,0.990966000000003
1,0.985406666666668
1,0.991241000000003
1,0.993346666666669
1,0.995574000000002
1,0.99374766666667
1,0.989251333333335
1,0.986318333333335
1,0.996882000000002
1,0.982918666666669
0.25,0.0699950000000001
0.25,0.236298
0.25,0.0461636666666668
0.25,0.362771666666667
0.25,0.103766333333333
0.25,0.510006666666666
0.25,0.0831370000000001
0.25,0.323922666666667
0.25,0.328285333333333
0.25,0.298843
0.25,0.246623666666667
0.25,0.0782136666666668
0.25,0.325731666666667
0.25,0.264711700430669
0.25,0.294241666666667
0.75,0.60621
0.75,0.758136623086213
0.75,0.56117222384003
0.75,0.862357666666665
0.75,0.794830000000004
0.75,0.457689000000001
0.75,0.347787333333333
0.75,0.828594909090908
0.75,0.751798333333332
0.75,0.813441666666667
0.75,0.682791666666666
0.75,0.519836666666666
0.75,0.770657666666668
0.75,0.778081000000002
0.75,0.675635606060606
0.75,0.510346666666666
0.75,0.642293333333333
0.75,0.789893333333334
0.75,0.788646666666669
0.75,0.713583333333335
0,0.0371176666666667
0,0.03316
0,0.012058
0,0.0384753333333333
0,0.0256506666666666
0,0.0246776666666666
0,0.0180056666666667
0,0.00836366666666665
0,0.015658
0,0.0142036666666666
0,0.0278996666666666
0,0.015703
0,0.0252456666666666
0,0.0366376666666667
0,0.02786
0,0.017996
0,0.0364040000000001
0,0.015977
0,0.011123
0,0.0504650000000001
1,0.996664333333334
1,0.992034333333334
1,0.997279333333334
1,0.997117
1,0.993400000000002
1,0.995068666666668
1,0.991418666666667
1,0.995150000000001
1,0.983775333333334
1,0.984435000000001
1,0.996072333333334
1,0.996638666666668
1,0.996724666666667
1,0.996142000000001
1,0.995104666666668
1,0.997755666666667
1,0.996289666666668
1,0.989660666666668
1,0.995225333333334
1,0.997062333333334
0.25,0.14586
0.25,0.203787666666667
0.25,0.288499333333333
0.25,0.363604666666667
0.25,0.0409383333333334
0.25,0.0916060000000002
0.25,0.0642076666666668
0.25,0.413578333333335
0.25,0.223061666666667
0.25,0.394850000000001
0.25,0.0785610000000001
0.25,0.261346666666667
0.25,0.0559776666666667
0.25,0.0503676666666669
0.25,0.0863410000000002
0.25,0.384023333333334
0.25,0.170816
0.25,0.0524083333333334
0.25,0.47423
0.25,0.270922
0.75,0.464911
0.75,0.707992666666667
0.75,0.573146666666666
0.75,0.738326000000002
0.75,0.663749999999999
0.75,0.430103333333334
0.75,0.791419999999999
0.75,0.614653333333332
0.75,0.669299999999999
0.75,0.990210666666669
0.75,0.706143333333333
0.75,0.767366666666668
0.75,0.819210333333333
0.75,0.76792
0.75,0.605206666666666
0.75,0.776207333333334
0.75,0.64542
0.75,0.669259999999999
0.75,0.604236666666666
0.75,0.647956153846152
0,0.0484837223215353
0,0.424886395164701
1,0.940893185835954
1,0.918223724986805
1,0.808945481636746
1,0.850698579447202
1,0.95657221552245
1,0.881204272042295
1,0.937040025271275
1,0.943574549169426
1,0.950237107964813
1,0.965689997304234
1,0.90940966180705
1,0.954523548572856
1,0.877615159788007
1,0.946643230271577
1,0.548422303716907
1,0.76470537362615
1,0.961742031742073
1,0.846929914442728
1,0.747187064088919
1,0.843800999872745
0.25,0.308767314782599
0.25,0.116713889718614
0.25,0.434449859996517
0.25,0.419980303386996
0.25,0.343414984606486
0.25,0.168345950575648
0.25,0.236037387285088
0.25,0.12663586750605
0.25,0.138524915302524
0.25,0.474991573794759
0.25,0.30569011326791
0.25,0.0715911446582638
0.25,0.153240943920861
0.25,0.134868780787187
0.25,0.142002299563796
0.75,0.136191482543046
0.75,0.681120591545711
0.75,0.5350595581248
0.75,0.621511875803912
0.75,0.571107583420116
0.75,0.221998782436666
0.75,0.621892592431335
0.75,0.667253546746764
0.75,0.308386996277261
0.75,0.670200818326998
0.75,0.8525225217411
0.75,0.477825748589611
0.75,0.753794320559999
0.75,0.642863274374381
0.75,0.41269811917436
0.75,0.580115173238754
0.75,0.59002972486184
0.75,0.574567433040406
0.75,0.715806037451969
0.75,0.456070270282344
0,0.0663722411709024
0,0.158904291143541
0,0.0994548255694335
0,0.108978295074151
0,0.167198509096608
0,0.0926767441097757
0,0.230866075560161
0,0.0942347535512849
0,0.0588991147994334
0,0.111941346361014
0,0.147269962195
0,0.166526084456353
0,0.0968595731962582
0,0.0885473958000801
0,0.0546622194527572
0,0.275215844663099
0,0.095341326384328
0,0.154540497361398
0,0.292037154413881
0,0.129252473833813
1,0.947226281458203
1,0.928596099973193
1,0.923187748716907
1,0.978848975982945
1,0.946905694069295
1,0.899802218396538
1,0.994824817022106
1,0.961281741369792
1,0.966364498356705
1,0.976350568283255
1,0.973858569342432
1,0.945970029831244
1,0.851305772192506
1,0.989596309672153
1,0.93390897631372
1,0.962456647148643
1,0.966941309424162
1,0.969181039273014
1,0.93238568400067
1,0.975125211752909
0.25,0.447771055343889
0.25,0.144707578110311
0.25,0.362913369619186
0.25,0.424444078385293
0.25,0.231771040728715
0.25,0.315696495136435
0.25,0.159175749042508
0.25,0.110589642936001
0.25,0.278432782774916
0.25,0.180657195587694
0.25,0.111304775075313
0.25,0.421859995838205
0.25,0.242040502787507
0.25,0.694680812011902
0.25,0.0998825729819307
0.25,0.152224079708775
0.25,0.232154920052493
0.25,0.0309175951587327
0.25,0.322666332630313
0.25,0.5562923302707
0.75,0.505145450966984
0.75,0.842894836945916
0.75,0.648110379580726
0.75,0.372463121989499
0.75,0.860944219943105
0.75,0.836728430095455
0.75,0.719607607746965
0.75,0.743529114999004
0.75,0.487397664676244
0.75,0.513243674724386
0.75,0.676141498278507
0.75,0.783165213218068
0.75,0.88254324211243
0.75,0.564735676305015
0.75,0.79636545210696
0.75,0.628942368274425
0.75,0.664294466383696
0.75,0.880389613949348
0.75,0.553346687432509
0.75,0.569626368024579
0,0.0356120000000001
0,0.0903216666666669
0,0.0342346666666666
0,0.0666460000000002
0,0.0502930000000002
0,0.0579690000000001
0,0.0306439999999999
0,0.0830420000000001
0,0.0392270000000001
0,0.0390093333333334
0,0.0513073333333335
0,0.0493926666666668
0,0.100610666666667
0,0.0452290000000001
0,0.0451886666666668
0,0.0494273333333334
0,0.0777460000000001
0,0.0501450000000002
0,0.0535550000000001
0,0.0205419999999999
1,0.994970333333336
1,0.986649000000003
1,0.995638333333336
1,0.994510666666669
1,0.993611333333336
1,0.995511333333335
1,0.994627000000002
1,0.98190266666667
1,0.992721666666669
1,0.993943000000002
1,0.994514666666669
1,0.993697333333336
1,0.994646666666669
1,0.992900000000003
1,0.98997966666667
1,0.983641333333335
1,0.963785333333334
1,0.993076666666668
1,0.995487666666669
1,0.992950333333336
0.25,0.460520666666667
0.25,0.121739666666667
0.25,0.254425943910257
0.25,0.253096
0.25,0.0690611264367817
0.25,0.315003666666667
0.25,0.239293666666667
0.25,0.170746
0.25,0.375330000000001
0.25,0.0711530000000002
0.25,0.393240000000001
0.25,0.217364333333333
0.25,0.449263333333334
0.25,0.33715
0.25,0.325910333333334
0.25,0.544636666666666
0.25,0.289302666666667
0.25,0.269501666666667
0.25,0.270673
0.25,0.476665333333333
0.75,0.861824999999998
0.75,0.427948333333334
0.75,0.64295104193933
0.75,0.762132000000002
0.75,0.615951666666667
0.75,0.778882
0.75,0.665551666666667
0.75,0.739673333333335
0.75,0.555913333333333
0.75,0.778094977958318
0.75,0.791093666666667
0.75,0.66607
0.75,0.820885666666665
0.75,0.727186666666668
0.75,0.761815333333335
0.75,0.842518666666667
0.75,0.747223333333335
0.75,0.700795946115287
0.75,0.598606666666666
0.75,0.742772666666667
0,0.00735999999999998
0,0.0400906666666667
0,0.0194569696969697
0,0.0158169999999999
0,0.012181
0,0.0254079696969697
0,0.0589620000000003
0,0.0185976666666666
0,0.038047
0,0.0199619999999999
0,0.0373713333333334
0,0.0114996666666666
0,0.0377286363636364
0,0.0200313333333333
0,0.0125273333333333
0,0.0548890000000002
0,0.0366583333333334
0,0.0106386666666666
0,0.00935633333333329
0,0.0226583333333332
1,0.998520000000001
1,0.990714000000001
1,0.996850000000001
1,0.986142333333334
1,0.996949333333335
1,0.996346333333335
1,0.995012000000001
1,0.994941000000001
1,0.997969666666668
1,0.998187000000001
1,0.997989000000001
1,0.999240000000001
1,0.980997333333335
1,0.994099666666668
1,0.990542666666667
1,0.988014666666667
1,0.997369000000001
1,0.978698333333335
1,0.996344000000001
1,0.991734666666669
0.25,0.317131666666667
0.25,0.0181796666666666
0.25,0.113033333333334
0.25,0.364653333333335
0.25,0.172951666666666
0.25,0.197187
0.25,0.361746666666668
0.25,0.435050000000001
0.25,0.382578579710146
0.25,0.308180666666667
0.25,0.208003333333333
0.25,0.197913666666667
0.25,0.207339
0.25,0.0203223333333333
0.25,0.204407
0.25,0.213937
0.25,0.192691
0.25,0.415936666666669
0.25,0.334547000000001
0.25,0.411735333333334
0.75,0.491947333333333
0.75,0.667453999999997
0.75,0.60984
0.75,0.689445333333333
0.75,0.70029
0.75,0.658646666666665
0.75,0.68923
0.75,0.679435789473683
0.75,0.507889999999999
0.75,0.724624122807018
0.75,0.772743333333336
0.75,0.611275
0.75,0.711436666666667
0.75,0.748728333333335
0.75,0.853640999999999
0.75,0.680399999999998
0.75,0.760293333333334
0.75,0.812753333333334
0.75,0.750357666666669
0.75,0.493913999999999
0,0.0862848563228801
0,0.0882009871917865
0,0.147585377082613
0,0.14849622023711
0,0.0835730720273192
0,0.128688346354989
0,0.127288078135797
0,0.0928031128556856
0,0.311792817775733
0,0.365316803076308
0,0.0712258891319138
0,0.0421955772215189
0,0.0856671422000657
0,0.47654004809413
0,0.0943517912588697
0,0.194449464278805
0,0.214037013313347
0,0.0731922602553727
0,0.0675729160506178
0,0.0191742346329132
1,0.974174776544741
1,0.952701584986601
1,0.983094515151517
1,0.958861333333333
1,0.984168333333336
1,0.966772
1,0.968855333333335
1,0.985221333333336
1,0.971936666666667
1,0.906836560261892
1,0.984401333333336
1,0.969491297759776
1,0.923029075454467
1,0.962182664511959
1,0.969660228070176
1,0.959938435897435
1,0.971105000000001
1,0.971669333333333
1,0.949615666666666
1,0.968301666666668
0.25,0.234384119927606
0.25,0.17295554476589
0.25,0.56471823929337
0.25,0.112922339122408
0.25,0.0999563682666522
0.25,0.583683001180976
0.25,0.0936437501619292
0.25,0.154210616437745
0.25,0.131172346354989
0.25,0.411043709296029
0.25,0.173604118197926
0.25,0.111515140981802
0.25,0.0909318871744198
0.25,0.199628116696923
0.25,0.293566831576166
0.25,0.303084469712737
0.25,0.378276769627137
0.25,0.2062057309769
0.25,0.414308951796319
0.25,0.223043763281859
0.75,0.771942050420644
0.75,0.672527136338668
0.75,0.723814495987914
0.75,0.656934192501134
0.75,0.509658205616488
0.75,0.645421333333332
0.75,0.683453333333334
0.75,0.542747260301895
0.75,0.714239999999998
0.75,0.639524804883635
0.75,0.614382610863094
0.75,0.283603364092048
0.75,0.848430666666664
0.75,0.828658777454549
0.75,0.571972704078882
0.75,0.49650918191336
0.75,0.695549960069445
0.75,0.560460561258674
0.75,0.888024666666661
0.75,0.493312544459264
0,0.0671551925873241
0,0.0888194453161005
0,0.117220656147681
0,0.105537101130445
0,0.177055650461801
0,0.054312518207283
0,0.11158569046414
0,0.108357357978279
0,0.102742628370665
0,0.265274
0,0.184866481016943
0,0.229151577777778
0,0.130773114869938
0,0.0732412430109048
0,0.0953307198535148
0,0.0671609646802475
0,0.138696985507247
0,0.0871242727886633
0,0.48057739762397
0,0.123418742677503
1,0.961913999999999
1,0.959206666666667
1,0.958483333333335
1,0.953121559959926
1,0.986023000000002
1,0.956031671937287
1,0.990957666666669
1,0.953885724344723
1,0.956574114239937
1,0.980947000000002
1,0.991435333333336
1,0.97939316654415
1,0.98386067715796
1,0.984293666666669
1,0.970029474391397
1,0.962298666666667
1,0.885331142857141
1,0.971115000000001
1,0.900571779744854
1,0.949845686517919
0.25,0.228872513315026
0.25,0.465970823274764
0.25,0.497456215903519
0.25,0.387264449618782
0.25,0.356704741136847
0.25,0.232595025641026
0.25,0.251036972593373
0.25,0.48433161722488
0.25,0.164416166666666
0.25,0.374177453293131
0.25,0.175306929350994
0.25,0.379877064350558
0.25,0.102623594064708
0.25,0.292535120598268
0.25,0.438976952380953
0.25,0.364827740495594
0.25,0.254330710003516
0.25,0.339314954597725
0.25,0.285764761904762
0.25,0.239220082832893
0.75,0.676155305164319
0.75,0.655671610172964
0.75,0.743378666666668
0.75,0.689394777003485
0.75,0.528162289353159
0.75,0.814826
0.75,0.842494666666666
0.75,0.840526999999999
0.75,0.854718666666664
0.75,0.40529109039548
0.75,0.574202770141346
0.75,0.911715666666662
0.75,0.893196468864464
0.75,0.654624434275792
0.75,0.653487258072027
0.75,0.899448270604283
0.75,0.781419314402246
0.75,0.407504750699307
0.75,0.672671982554117
0.75,0.879234260869561
0,0.0757166666666669
0,0.0659873333333335
0,0.105910666666667
0,0.0760093333333334
0,0.152516428571429
0,0.0771893333333335
0,0.0875100000000001
0,0.0643110000000002
0,0.0853310000000001
0,0.0547733333333334
0,0.147645
0,0.0537886666666667
0,0.090235
0,0.0841703333333335
0,0.0462186666666668
0,0.0522130000000002
0,0.0749643333333334
0,0.0746346666666668
0,0.0387953333333334
0,0.114355
1,0.979860000000002
1,0.978326000000002
1,0.982831666666669
1,0.985632000000003
1,0.991817000000003
1,0.967033000000001
1,0.996882000000002
1,0.993392666666669
1,0.983546000000002
1,0.987518000000004
1,0.996116666666668
1,0.994449333333336
1,0.993169333333336
1,0.991011000000002
1,0.995588666666669
1,0.984659000000003
1,0.994348000000002
1,0.994343666666669
1,0.996380000000001
1,0.984121333333336
0.25,0.256786666666667
0.25,0.326036333333333
0.25,0.0629110000000002
0.25,0.415746666666667
0.25,0.319064666666667
0.25,0.393280000000001
0.25,0.0682753333333334
0.25,0.320168333333333
0.25,0.0245786666666666
0.25,0.296641333333333
0.25,0.329870666666667
0.25,0.456063333333333
0.25,0.312316333333334
0.25,0.226295
0.25,0.102979095238095
0.25,0.195875
0.25,0.254127333333333
0.25,0.219303
0.25,0.207798666666666
0.25,0.314023666666667
0.75,0.819046666666667
0.75,0.598313987012986
0.75,0.709803333333333
0.75,0.643733333333333
0.75,0.779491000000001
0.75,0.800141666666668
0.75,0.849384333333331
0.75,0.776737000000001
0.75,0.618341281385281
0.75,0.717703333333334
0.75,0.720796525682441
0.75,0.723983333333333
0.75,0.805405333333334
0.75,0.670338666666667
0.75,0.602543333333334
0.75,0.80771803896104
0.75,0.652961666666666
0.75,0.708510000000001
0.75,0.838588999999999
0.75,0.798657666666667
0,0.0369326666666666
0,0.0764403333333335
0,0.033876
0,0.039325
0,0.0443436666666669
0,0.0704346666666668
0,0.0468856666666668
0,0.0916233333333335
0,0.0155883333333333
0,0.0618160000000002
0,0.0312156666666666
0,0.0672460000000002
0,0.0850166666666668
0,0.0443713333333334
0,0.0848966666666668
0,0.0251223333333333
0,0.0372536666666667
0,0.0391130000000001
0,0.0421676666666667
0,0.0467163333333334
1,0.998237666666668
1,0.989741000000002
1,0.996939000000002
1,0.995607000000001
1,0.989487000000002
1,0.996306666666668
1,0.993332666666668
1,0.992219000000002
1,0.987117333333335
1,0.986967333333335
1,0.99060666666667
1,0.978297000000002
1,0.995715333333334
1,0.990316000000002
1,0.990867333333337
1,0.990629666666671
1,0.993854000000003
1,0.990589000000001
1,0.993091333333336
1,0.994452666666668
0.25,0.438366666666668
0.25,0.256435333333333
0.25,0.317370000000001
0.25,0.0757326666666668
0.25,0.47672
0.25,0.208119666666667
0.25,0.215652666666666
0.25,0.0430560000000001
0.25,0.226521
0.25,0.0437106666666667
0.25,0.207955
0.25,0.0268239999999999
0.25,0.199820666666667
0.25,0.270795333333333
0.25,0.303488
0.25,0.44262
0.25,0.149534
0.25,0.494923333333333
0.25,0.392750000000001
0.25,0.135746666666667
0.75,0.662679999999999
0.75,0.774443666666667
0.75,0.731043333333334
0.75,0.864016333333329
0.75,0.800865333333335
0.75,0.581274999999999
0.75,0.719866666666665
0.75,0.682416666666666
0.75,0.668993333333332
0.75,0.743691666666667
0.75,0.772842666666668
0.75,0.697853333333333
0.75,0.810208333333334
0.75,0.671098333333333
0.75,0.747187666666666
0.75,0.634306666666666
0.75,0.426686666666667
0.75,0.689723333333332
0.75,0.533713173119786
0.75,0.859284666666664
0,0.0109066666666666
0,0.0201493333333333
0,0.0261123333333333
0,0.0205539999999999
0,0.0459776666666668
0,0.0310976666666666
0,0.0500213333333334
0,0.0248099999999999
0,0.0419726666666667
0,0.0628876666666668
0,0.0536860000000002
0,0.0653800000000002
0,0.0385383333333334
0,0.0262476666666666
0,0.0193556666666666
0,0.0147149999999999
0,0.0542610000000001
0,0.0581543333333335
0,0.0277779999999999
0,0.0655670000000002
1,0.970204000000002
1,0.993912000000003
1,0.99322666666667
1,0.994244333333336
1,0.981846666666669
1,0.973555333333334
1,0.992520333333336
1,0.985734666666669
1,0.994082666666669
1,0.989391333333336
1,0.98032166666667
1,0.995056666666669
1,0.994658000000002
1,0.991488333333335
1,0.975362333333336
1,0.991793000000003
1,0.991107333333335
1,0.987597666666669
1,0.981149000000002
1,0.993158666666669
0.25,0.359558333333334
0.25,0.0484680000000002
0.25,0.286178666666667
0.25,0.164357
0.25,0.234084666666667
0.25,0.362824000000001
0.25,0.354547
0.25,0.022248
0.25,0.251986333333333
0.25,0.211232666666667
0.25,0.556779999999999
0.25,0.224068333333333
0.25,0.0220843333333333
0.25,0.0678960000000001
0.25,0.205646666666666
0.25,0.194717666666667
0.25,0.351300000000001
0.25,0.329635
0.25,0.0514569696969698
0.25,0.208868
0.75,0.59494983756098
0.75,0.809044333333334
0.75,0.832283523809523
0.75,0.758186833333334
0.75,0.666629999999999
0.75,0.637671
0.75,0.677303333333332
0.75,0.748195666666667
0.75,0.698181333333334
0.75,0.492310666666666
0.75,0.891076285714283
0.75,0.870923666666665
0.75,0.48227107030908
0.75,0.794381333333334
0.75,0.557906666666666
0.75,0.574428608769002
0.75,0.803929666666668
0.75,0.887825999999997
0.75,0.844555333333332
0.75,0.528073666666667
0,0.0562136666666669
0,0.019736303030303
0,0.0193086666666666
0,0.0230616666666666
0,0.0279239999999999
0,0.0600356666666669
0,0.0255740567458019
0,0.01393
0,0.0250209999999999
0,0.0153886666666666
0,0.0176811521252796
0,0.0111611521252796
0,0.0251296666666666
0,0.0129413333333333
0,0.0109474854586129
0,0.0243069999999999
0,0.013114
0,0.0161203333333333
0,0.0160993333333333
0,0.0122446666666666
1,0.985221000000002
1,0.993321666666668
1,0.998128666666667
1,0.995387666666667
1,0.994081666666668
1,0.997531000000001
1,0.972185333333335
1,0.957224783549785
1,0.987971333333335
1,0.990389666666668
1,0.996053666666667
1,0.989337666666668
1,0.998144
1,0.997971666666668
1,0.977767333333335
1,0.993251000000001
1,0.997777333333334
1,0.999008666666667
1,0.997063000000001
1,0.961223666666669
0.25,0.31099
0.25,0.173197
0.25,0.369800666666668
0.25,0.411742333333334
0.25,0.224132
0.25,0.337043333333334
0.25,0.26699
0.25,0.31104
0.25,0.01247
0.25,0.190052
0.25,0.349850000000001
0.25,0.235185333333333
0.25,0.28608
0.25,0.240238333333334
0.25,0.315796666666667
0.25,0.536173333333333
0.25,0.0672436666666668
0.25,0.29425
0.25,0.208269000000001
0.25,0.162503555555556
0.75,0.550109999999999
0.75,0.822995
0.75,0.683076666666664
0.75,0.709586666666667
0.75,0.666589999999999
0.75,0.767603333333336
0.75,0.367373333333335
0.75,0.773323333333336
0.75,0.781120000000004
0.75,0.783010000000005
0.75,0.772132
0.75,0.667057999999998
0.75,0.71862
0.75,0.761273333333336
0.75,0.743560000000001
0.75,0.707078960784314
0.75,0.821166666666667
0.75,0.76330666666667
0.75,0.680146666666664
0.75,0.780236000000001
0,0.138372
0,0.0577156666666668
0,0.133299
0,0.0573920000000001
0,0.0916739230769232
0,0.0830690000000001
0,0.242378166666667
0,0.105323333333333
0,0.231290904761905
0,0.0799850000000002
0,0.0796480000000002
0,0.0774856666666668
0,0.151330333333333
0,0.0818213333333333
0,0.0273893333333333
0,0.107268333333333
0,0.149946
0,0.108329666666667
0,0.0776086666666667
0,0.0891046666666668
1,0.995945666666669
1,0.978996666666669
1,0.990086000000002
1,0.994815000000002
1,0.994121333333336
1,0.990923333333335
1,0.996214666666669
1,0.992358000000002
1,0.98976666666667
1,0.990439666666669
1,0.992390333333335
1,0.978444666666669
1,0.992529666666669
1,0.988575666666669
1,0.984283000000002
1,0.995477666666668
1,0.981991000000001
1,0.995060000000002
1,0.986279000000003
1,0.998638666666667
0.25,0.0551156666666668
0.25,0.326806666666668
0.25,0.104152333333333
0.25,0.092165539674466
0.25,0.0638933333333335
0.25,0.233579666666667
0.25,0.340056666666667
0.25,0.397744333333333
0.25,0.348422666666667
0.25,0.253033
0.25,0.0718264210526318
0.25,0.580354612852431
0.25,0.311275666666667
0.25,0.39551
0.25,0.372612000000001
0.25,0.563487666666666
0.25,0.335199333333333
0.25,0.334618
0.25,0.405906666666667
0.25,0.305014333333333
0.75,0.748786666666667
0.75,0.690712666666665
0.75,0.634279999999998
0.75,0.617479748161006
0.75,0.705789999999999
0.75,0.72327
0.75,0.747151666666668
0.75,0.612936666666666
0.75,0.845334666666666
0.75,0.836203666666665
0.75,0.752688666666667
0.75,0.798070000000003
0.75,0.647463333333333
0.75,0.620484167114443
0.75,0.709876666666667
0.75,0.652331666666666
0.75,0.517187382759384
0.75,0.725659999999999
0.75,0.665065095238095
0.75,0.876230878787875
0,0.0527770000000002
0,0.119458333333333
0,0.118154666666667
0,0.173684761904762
0,0.0889753333333334
0,0.105623333333333
0,0.0827220000000002
0,0.13132
0,0.0837496666666669
0,0.087449
0,0.0777123333333334
0,0.119996333333333
0,0.0795966666666668
0,0.119739333333333
0,0.10957
0,0.156389666666667
0,0.0526596666666668
0,0.110373333333333
0,0.288025666666667
0,0.134460761904762
1,0.994606000000002
1,0.986403333333335
1,0.990063333333336
1,0.970287666666669
1,0.994121000000003
1,0.99213466666667
1,0.984420666666669
1,0.993530333333336
1,0.991939333333336
1,0.995027000000003
1,0.981197000000002
1,0.994583000000003
1,0.993625333333335
1,0.988398000000002
1,0.992621666666668
1,0.993932333333335
1,0.988770000000004
1,0.989216666666668
1,0.991205333333336
1,0.982500000000003
0.25,0.123678333333333
0.25,0.203332666666666
0.25,0.141626333333333
0.25,0.244866666666667
0.25,0.100252166666667
0.25,0.464193333333334
0.25,0.306920333333333
0.25,0.241312333333333
0.25,0.314962333333333
0.25,0.123120666666667
0.25,0.109687666666667
0.25,0.311570333333333
0.25,0.106744
0.25,0.290359
0.25,0.327379
0.25,0.355261586848636
0.25,0.539686666666667
0.25,0.0619400000000002
0.25,0.238033333333334
0.25,0.355995666666667
0.75,0.632349999999999
0.75,0.721529333333333
0.75,0.634346666666667
0.75,0.732791666666668
0.75,0.619053333333334
0.75,0.384526666666667
0.75,0.87394933333333
0.75,0.783060666666667
0.75,0.838457999999999
0.75,0.872566666666663
0.75,0.727333333333332
0.75,0.516386666666666
0.75,0.602839999999999
0.75,0.834226333333332
0.75,0.613586666666667
0.75,0.609939999999999
0.75,0.833136666666666
0.75,0.689466666666666
0.75,0.719516666666667
0.75,0.670828666666666
0,0.0549904922791399
0,0.0884382021221241
0,0.463080238095238
0,0.157043570030668
0,0.24422187254902
0,0.615012267942585
0,0.110505535812058
0,0.323399691862805
0,0.530172633562517
0,0.0810483623913568
0,0.438205264975335
0,0.353898333333333
0,0.135127104040008
0,0.101559992965488
0,0.396490333333333
0,0.343623161290322
0,0.0870467844125037
0,0.422490640020899
0,0.342203494623656
0,0.0484483974054546
1,0.924669666666666
1,0.976634666666668
1,0.97911109351351
1,0.960456666666668
1,0.975258333333336
1,0.959889180126769
1,0.962628666666667
1,0.974312333333334
1,0.978660666666667
1,0.98159366666667
1,0.967016648841357
1,0.983203666666669
1,0.964904000000002
1,0.941763666666665
1,0.986197000000002
1,0.933999092408726
1,0.972080707282915
1,0.971839666666669
1,0.949561367965367
1,0.985957333333335
0.25,0.273876818458089
0.25,0.561377483047294
0.25,0.315789877979557
0.25,0.382917300921796
0.25,0.242269285510057
0.25,0.502407487670114
0.25,0.189923591445058
0.25,0.165715702937216
0.25,0.438209802747173
0.25,0.227808803280634
0.25,0.252479683589575
0.25,0.109861204919071
0.25,0.401063666291397
0.25,0.137980166666667
0.25,0.393531929433851
0.25,0.236320413500587
0.25,0.196516099993481
0.25,0.318567511187409
0.25,0.08868832513369
0.25,0.0675530240188188
0.75,0.699747491964792
0.75,0.596586666666665
0.75,0.671818090615821
0.75,0.749073515625002
0.75,0.829556404538923
0.75,0.730052666666667
0.75,0.566545635355592
0.75,0.801810338160102
0.75,0.846275999999998
0.75,0.667980940977377
0.75,0.51992933390026
0.75,0.89502004827704
0.75,0.732888333333335
0.75,0.579655757853147
0.75,0.547655971553694
0.75,0.893377999999994
0.75,0.815740575757575
0.75,0.680201026736109
0.75,0.841683738811555
0.75,0.668819293402777
0,0.108479505785486
0,0.0905636631387906
0,0.246994333333334
0,0.0718420303365553
0,0.301639444444444
0,0.195803333333334
0,0.0188539999999999
0,0.0989445414066405
0,0.139516310510073
0,0.187985632834211
0,0.378728594516595
0,0.241484333333333
0,0.0999044717693594
0,0.154635662960289
0,0.0927554091094122
0,0.0841629251126353
0,0.109779511960661
0,0.0367107889260498
0,0.307623952380953
0,0.322512333333333
1,0.990015333333336
1,0.995474333333335
1,0.974871217273867
1,0.989908333333335
1,0.964818626826352
1,0.968051075355467
1,0.987841000000002
1,0.979461666666668
1,0.923789341488568
1,0.946190999999999
1,0.936513308463992
1,0.961983333333333
1,0.96192
1,0.93919618060313
1,0.954107333333334
1,0.960251515406163
1,0.993433666666669
1,0.976270333333335
1,0.981275333333335
1,0.974706373949582
0.25,0.287242067686821
0.25,0.372839967588463
0.25,0.199955047619048
0.25,0.49979782051282
0.25,0.514916691030681
0.25,0.187638956521739
0.25,0.368868666666667
0.25,0.590182838573521
0.25,0.136130094434307
0.25,0.138466846410107
0.25,0.261115774061687
0.25,0.515974167381201
0.25,0.265362584397971
0.25,0.395110333333335
0.25,0.466988988699139
0.25,0.34594604125102
0.25,0.305755538798517
0.25,0.180943965002597
0.25,0.507066346949552
0.25,0.290997712899055
0.75,0.710653333333332
0.75,0.660158222222223
0.75,0.710989232750144
0.75,0.753335254092729
0.75,0.572983270986867
0.75,0.592148070175438
0.75,0.719826425479283
0.75,0.707707547338569
0.75,0.884743259259255
0.75,0.838929999999999
0.75,0.888181666666664
0.75,0.793681086247085
0.75,0.955868892706358
0.75,0.609573548567004
0.75,0.670616788507405
0.75,0.875340638581622
0.75,0.793495720525031
0.75,0.901785999999994
0.75,0.808554333333334
0.75,0.598684097575033
0,0.355980333333333
0,0.348182
0,0.476265333333334
0,0.283129
0,0.603934333333333
0,0.35341
0,0.342121333333333
0,0.342459494623656
0,0.283695666666667
0,0.650493333333333
0,0.590314432900434
0,0.344540666666666
0,0.308833333333333
0,0.326956
0,0.375799827956989
0,0.546396000000001
0,0.351847333333333
0,0.433783095238096
0,0.333969666666666
0,0.354645
1,0.978057000000002
1,0.994465333333336
1,0.982346000000002
1,0.994118333333335
1,0.995268333333336
1,0.995629333333335
1,0.969188181818184
1,0.995044666666669
1,0.995631666666668
1,0.992125333333335
1,0.98801866666667
1,0.990922333333335
1,0.993166666666669
1,0.989626000000002
1,0.995262666666669
1,0.994384333333336
1,0.997071666666668
1,0.994681333333335
1,0.994299333333336
1,0.994958000000003
0.25,0.346925666666666
0.25,0.447920333333333
0.25,0.334734666666667
0.25,0.544998
0.25,0.383680333333333
0.25,0.347443142857142
0.25,0.380023333333333
0.25,0.355028777777778
0.25,0.647422
0.25,0.493160000000001
0.25,0.60796934920635
0.25,0.515150333333334
0.25,0.378442111111111
0.25,0.442242666666667
0.25,0.469024
0.25,0.535931000000001
0.25,0.331095333333333
0.25,0.320429666666666
0.25,0.346969333333333
0.25,0.344272333333333
0.75,0.278273311111111
0.75,0.548602000000001
0.75,0.447268333333334
0.75,0.314015333333333
0.75,0.503956141757781
0.75,0.310182111111111
0.75,0.637052
0.75,0.278073095238095
0.75,0.590187666666667
0.75,0.397428
0.75,0.367863
0.75,0.841321333333331
0.75,0.478060333333334
0.75,0.37611539289634
0.75,0.486378333333334
0.75,0.581149863865547
0.75,0.370872777777778
0.75,0.397062666666666
0.75,0.728179666666667
0.75,0.363145333333333
0,0.153205666666667
0,0.0444703333333334
0,0.0183423333333333
0,0.0174583333333333
0,0.003928
0,0.00807833333333329
0,0.0736416666666669
0,0.0150619999999999
0,0.0242846666666666
0,0.0182413333333333
0,0.0913123333333336
0,0.0810723333333336
0,0.0303353333333333
0,0.181755000000001
0,0.0271349999999999
0,0.014268
0,0.0475126666666668
0,0.0163279999999999
0,0.041457
0,0.00672066666666663
1,0.986889333333335
1,0.992425000000001
1,0.996567000000001
1,0.995400666666668
1,0.989986333333335
1,0.995352333333334
1,0.96128666666667
1,0.966222666666669
1,0.990600000000001
1,0.997932666666667
1,0.994220303030304
1,0.975985541125544
1,0.992361636363637
1,0.999305666666667
1,0.999625666666667
1,0.997672333333334
1,0.998470666666668
1,0.991495000000001
1,0.997517666666667
1,0.983794571428573
0.25,0.216579
0.25,0.0116326666666666
0.25,0.347386666666668
0.25,0.385996666666669
0.25,0.422508333333335
0.25,0.146937666666667
0.25,0.378970000000002
0.25,0.235320666666667
0.25,0.264460545454545
0.25,0.395892222222223
0.25,0.34104661904762
0.25,0.167798333333334
0.25,0.0540950000000002
0.25,0.186113333333333
0.25,0.308760666666667
0.25,0.160725666666667
0.25,0.399938333333335
0.25,0.0304886666666666
0.25,0.168026333333334
0.25,0.333418000000001
0.75,0.897597999999993
0.75,0.722006666666665
0.75,0.498515
0.75,0.879256999999997
0.75,0.611649999999999
0.75,0.660298333333332
0.75,0.857710666666664
0.75,0.641326666666666
0.75,0.657361666666666
0.75,0.738766666666664
0.75,0.614953333333333
0.75,0.805653333333336
0.75,0.644761666666666
0.75,0.702521666666669
0.75,0.829001666666667
0.75,0.710559999999997
0.75,0.503827333333333
0.75,0.771434666666669
0.75,0.876148333333329
0.75,0.662079999999999
0,0.324911577889447
0,0.336336666666667
0,0.316894333333333
0,0.335336333333333
0,0.357536
0,0.314431
0,0.341186333333333
0,0.325541
0,0.357069666666666
0,0.320595333333333
0,0.372212333333333
0,0.303054333333333
0,0.400413000000001
0,0.367247666666667
0,0.335786161290322
0,0.618348666666666
0,0.340561666666666
0,0.66076134920635
0,0.360889161290322
0,0.358387666666666
1,0.99374366666667
1,0.994425000000002
1,0.992349000000003
1,0.989319333333335
1,0.993321333333336
1,0.986087666666669
1,0.993739000000003
1,0.994234000000002
1,0.995062666666669
1,0.996085333333336
1,0.991338333333336
1,0.976460000000003
1,0.993832000000002
1,0.995757666666668
1,0.995830333333336
1,0.993028666666669
1,0.987795333333336
1,0.995144666666669
1,0.996492666666669
1,0.987065666666668
0.25,0.338879
0.25,0.620454
0.25,0.430528533333333
0.25,0.389047644444445
0.25,0.4068032
0.25,0.774722842424242
0.25,0.425039866666667
0.25,0.320172333333333
0.25,0.427052
0.25,0.321019
0.25,0.501657333333334
0.25,0.77326490909091
0.25,0.635440666666666
0.25,0.364441333333333
0.25,0.683136444444445
0.25,0.568398242424243
0.25,0.357555735353535
0.25,0.253001666666667
0.25,0.262338846441948
0.25,0.369596666666666
0.75,0.590305006486778
0.75,0.24888723240236
0.75,0.898793242424243
0.75,0.901478333333334
0.75,0.490982777777779
0.75,0.548442333333334
0.75,0.553419428571429
0.75,0.31263
0.75,0.533940666666667
0.75,0.392508459376372
0.75,0.69641521132835
0.75,0.44167505050505
0.75,0.508383333333334
0.75,0.615023666666667
0.75,0.734126111111111
0.75,0.476571246753247
0.75,0.303119
0.75,0.416749
0.75,0.608215095238096
0.75,0.727894765693304
0,0.0118286666666666
0,0.0489290000000002
0,0.003777
0,0.0115434854586129
0,0.00399966666666667
0,0.0123253333333333
0,0.00760533333333328
0,0.0403626666666668
0,0.0460350000000002
0,0.0162303333333333
0,0.00931099999999995
0,0.0125373333333333
0,0.00634399999999998
0,0.0437826666666667
0,0.0135646666666666
0,0.00383066666666667
0,0.0126719999999999
0,0.00461399999999999
0,0.00828348545861292
0,0.0134756666666666
1,0.997731666666667
1,0.988531666666668
1,0.991683333333335
1,0.985753666666668
1,0.985536666666668
1,0.992658333333335
1,0.997730333333335
1,0.993836333333335
1,0.996738000000002
1,0.995009666666668
1,0.991878333333335
1,0.994325333333334
1,0.996879666666668
1,0.986919333333335
1,0.998411666666668
1,0.997835666666668
1,0.998112000000001
1,0.997068666666667
1,0.997903666666668
1,0.994823000000002
0.25,0.498763333333333
0.25,0.0302833333333333
0.25,0.168918666666667
0.25,0.0650120000000002
0.25,0.127394
0.25,0.398750000000001
0.25,0.275004
0.25,0.394660000000002
0.25,0.217099333333334
0.25,0.00790966666666664
0.25,0.464256666666667
0.25,0.214913333333334
0.25,0.467409333333334
0.25,0.0871750000000004
0.25,0.277300666666667
0.25,0.316983333333334
0.25,0.231998666666667
0.25,0.407353333333335
0.25,0.304031666666667
0.25,0.381883333333336
0.75,0.767233333333337
0.75,0.729876666666666
0.75,0.850772666666665
0.75,0.768973333333336
0.75,0.852659999999999
0.75,0.48553
0.75,0.721876666666667
0.75,0.573576666666666
0.75,0.792070000000004
0.75,0.656229999999998
0.75,0.621503333333332
0.75,0.830770000000002
0.75,0.851896999999996
0.75,0.732143333333332
0.75,0.722895999999998
0.75,0.753878333333336
0.75,0.736736666666668
0.75,0.757470000000001
0.75,0.700633333333332
0.75,0.888130333333328
0,0.0611856666666669
0,0.0183833333333333
0,0.0808283333333335
0,0.0528010000000001
0,0.0425900000000002
0,0.0624300000000001
0,0.0727783333333335
0,0.0171816666666666
0,0.0431660000000001
0,0.0489536666666668
0,0.0221006666666666
0,0.0396716666666667
0,0.0548466666666668
0,0.0118869999999999
0,0.0586013333333335
0,0.0153716666666666
0,0.0142406666666666
0,0.0344426666666667
0,0.0139036666666666
0,0.033239
1,0.984609000000004
1,0.994125000000002
1,0.99455166666667
1,0.969128333333336
1,0.984043000000003
1,0.989354000000003
1,0.976469666666668
1,0.993345333333336
1,0.994074666666668
1,0.993424000000001
1,0.996601666666668
1,0.991536000000003
1,0.993687666666669
1,0.98982266666667
1,0.986494333333336
1,0.993214333333336
1,0.989045666666669
1,0.987396333333335
1,0.995001666666669
1,0.991506666666669
0.25,0.235433333333333
0.25,0.131363
0.25,0.0231246666666666
0.25,0.434473333333334
0.25,0.036242
0.25,0.459373333333334
0.25,0.564546666666666
0.25,0.0217946666666666
0.25,0.483127313990973
0.25,0.449742666666667
0.25,0.193043333333333
0.25,0.236334333333333
0.25,0.194792142857142
0.25,0.325975333333333
0.25,0.35292487134503
0.25,0.0510983333333334
0.25,0.0393750000000001
0.25,0.449723333333334
0.25,0.365917333333333
0.25,0.483273333333334
0.75,0.694752833333333
0.75,0.690413333333333
0.75,0.714587833333332
0.75,0.665219999999999
0.75,0.676469999999999
0.75,0.589230999999999
0.75,0.469145698412699
0.75,0.686288666666666
0.75,0.695692333333333
0.75,0.784051000000001
0.75,0.797210385964914
0.75,0.604416666666667
0.75,0.818452000000001
0.75,0.670955333333332
0.75,0.624369999999999
0.75,0.779979189792664
0.75,0.630418095238095
0.75,0.660159140350877
0.75,0.785318666666669
0.75,0.806613333333334
0,0.0325539999999999
0,0.093467666666667
0,0.075336666666667
0,0.0243753333333332
0,0.0128579999999999
0,0.0348132555762113
0,0.0259329999999999
0,0.0315104077014909
0,0.0184999999999999
0,0.0245258187919462
0,0.0110503333333333
0,0.0200519999999999
0,0.0578626666666669
0,0.0114208187919463
0,0.0307627410348242
0,0.0574845238095241
0,0.0288709999999999
0,0.0103566666666666
0,0.0145159999999999
0,0.0485446666666669
1,0.995821333333334
1,0.998367333333334
1,0.993151333333335
1,0.994914000000001
1,0.994065333333334
1,0.999082666666667
1,0.964774874458877
1,0.999285666666667
1,0.992955000000002
1,0.965567666666669
1,0.998581000000001
1,0.978893666666668
1,0.952968265736337
1,0.990937666666668
1,0.989247666666668
1,0.961876000000003
1,0.998769666666667
1,0.986163000000001
1,0.999460666666667
1,0.998523000000001
0.25,0.405743333333335
0.25,0.0337546666666666
0.25,0.189151333333334
0.25,0.320145476190477
0.25,0.161488333333334
0.25,0.269660666666667
0.25,0.107013
0.25,0.30629
0.25,0.377810000000002
0.25,0.226865
0.25,0.0487450000000002
0.25,0.273444333333333
0.25,0.266049333333334
0.25,0.354196666666668
0.25,0.424856666666668
0.25,0.476230000000001
0.25,0.335746666666668
0.25,0.365407333333335
0.25,0.0302186666666666
0.25,0.0656656666666669
0.75,0.800026666666672
0.75,0.721913333333333
0.75,0.78308066666667
0.75,0.848347333333332
0.75,0.611749999999999
0.75,0.790250000000005
0.75,0.610783333333332
0.75,0.870559999999997
0.75,0.761023333333334
0.75,0.829003333333335
0.75,0.530723333333333
0.75,0.806326666666667
0.75,0.829943333333334
0.75,0.586033333333333
0.75,0.635513333333332
0.75,0.691573333333332
0.75,0.766988000000001
0.75,0.708159999999998
0.75,0.834043333333333
0.75,0.639819999999999
0,0.0223643333333333
0,0.020021
0,0.0137833333333333
0,0.0377986666666667
0,0.0338766666666667
0,0.0542193333333335
0,0.0523126666666668
0,0.0725683333333335
0,0.0249283333333333
0,0.0428643333333334
0,0.0164816666666666
0,0.0249839999999999
0,0.0212829999999999
0,0.0153696666666666
0,0.0163763333333333
0,0.0313003333333333
0,0.0176106666666666
0,0.0651736666666668
0,0.0683346666666668
0,0.0702660000000002
1,0.989913000000002
1,0.991913000000002
1,0.995017000000002
1,0.992620666666669
1,0.986082666666669
1,0.993071666666669
1,0.97436166666667
1,0.980031333333337
1,0.991206333333336
1,0.990886333333336
1,0.994220666666669
1,0.973834000000004
1,0.978313333333336
1,0.993177000000003
1,0.991225333333337
1,0.983389000000002
1,0.993479666666669
1,0.993601333333335
1,0.986018666666668
1,0.993043333333336
0.25,0.35343942857143
0.25,0.0593753030303032
0.25,0.186017
0.25,0.435603333333334
0.25,0.201566333333333
0.25,0.359963333333335
0.25,0.335487333333334
0.25,0.434860666666667
0.25,0.217355666666666
0.25,0.331192333333334
0.25,0.466510000000001
0.25,0.181395
0.25,0.252609705882353
0.25,0.201890333333334
0.25,0.297893666666667
0.25,0.0828923333333335
0.25,0.0510296666666669
0.25,0.03391
0.25,0.30767
0.25,0.0975883333333335
0.75,0.841439266360039
0.75,0.786093333333333
0.75,0.65147
0.75,0.786757666666669
0.75,0.758876666666669
0.75,0.806627666666666
0.75,0.736658476190476
0.75,0.881289999999996
0.75,0.692613333333333
0.75,0.693276666666667
0.75,0.804858333333336
0.75,0.699726666666667
0.75,0.747950333333335
0.75,0.795316666666669
0.75,0.779186666666667
0.75,0.857490666666665
0.75,0.772423333333336
0.75,0.824653666666667
0.75,0.697453999999999
0.75,0.715855333333334
0,0.021246730657748
0,0.0141169999999999
0,0.0381746579788051
0,0.0166843333333333
0,0.0157723333333333
0,0.0185828351940457
0,0.00734633333333331
0,0.0136856666666666
0,0.036492
0,0.028620899185127
0,0.020477
0,0.0338269999999999
0,0.00768866666666665
0,0.0110969999999999
0,0.0137609101449275
0,0.0199476666666666
0,0.0106613333333333
0,0.0138169999999999
0,0.0198139999999999
0,0.0128608827830277
1,0.993673666666668
1,0.974130333333335
1,0.954739000000002
1,0.998012666666667
1,0.998457666666667
1,0.979524000000002
1,0.999077666666667
1,0.998614000000001
1,0.985484303030305
1,0.998200333333334
1,0.989606333333335
1,0.995685333333334
1,0.997724333333334
1,0.987805666666668
1,0.99894
1,0.996993666666667
1,0.979839000000002
1,0.998920666666667
1,0.997056000000001
1,0.999288333333334
0.25,0.259636666666667
0.25,0.312114000000001
0.25,0.329704833333334
0.25,0.173946666666667
0.25,0.0173513333333333
0.25,0.369690000000002
0.25,0.170064333333334
0.25,0.321033333333334
0.25,0.0239756666666666
0.25,0.310020000000001
0.25,0.284843333333333
0.25,0.0173906666666666
0.25,0.475200000000001
0.25,0.519393333333333
0.25,0.200071666666667
0.25,0.0142696666666666
0.25,0.255503
0.25,0.186328
0.25,0.289471333333334
0.25,0.305506666666667
0.75,0.725309999999998
0.75,0.870516999999996
0.75,0.715033333333329
0.75,0.749356666666667
0.75,0.82292666666667
0.75,0.669776666666665
0.75,0.837393333333335
0.75,0.795450000000004
0.75,0.669143333333331
0.75,0.652098999999999
0.75,0.726266666666666
0.75,0.547586666666666
0.75,0.702768333333331
0.75,0.563020833333333
0.75,0.767850000000002
0.75,0.675483333333331
0.75,0.594829999999999
0.75,0.662543333333331
0.75,0.776823333333337
0.75,0.421570000000001
0,0.446499761904762
0,0.366307666666667
0,0.314105
0,0.714259949206349
0,0.266673666666667
0,0.290855333333333
0,0.680278333333333
0,0.350315666666667
0,0.349130424242424
0,0.680051868398269
0,0.329082
0,0.388693015382978
0,0.445701424242425
0,0.330327
0,0.280461868686869
0,0.299047333333333
0,0.573314333333333
0,0.327460333333333
0,0.363906666666666
0,0.304249
1,0.992351000000002
1,0.995808333333335
1,0.994198000000003
1,0.995222666666669
1,0.990100333333335
1,0.995281000000001
1,0.991743000000003
1,0.994048666666669
1,0.992448000000002
1,0.994423666666669
1,0.993195666666669
1,0.986776000000003
1,0.990644666666669
1,0.995577333333336
1,0.991898333333336
1,0.99132666666667
1,0.986254333333337
1,0.995954000000002
1,0.98816266666667
1,0.990666666666669
0.25,0.472014666666666
0.25,0.275627333333333
0.25,0.524240430703301
0.25,0.392852333333333
0.25,0.397928716417586
0.25,0.429789444444444
0.25,0.405795757575758
0.25,0.486631757575758
0.25,0.474688827956989
0.25,0.504910888888889
0.25,0.515282663865547
0.25,0.515405666666667
0.25,0.515132333333334
0.25,0.465446333333334
0.25,0.376535666666666
0.25,0.473874234537494
0.25,0.733244242424243
0.25,0.325682
0.25,0.545075954774638
0.25,0.454174263251107
0.75,0.233098480102589
0.75,0.482052666666667
0.75,0.62056799719888
0.75,0.381137666666666
0.75,0.860666000000001
0.75,0.67122990909091
0.75,0.505497
0.75,0.750132444444445
0.75,0.725217777777779
0.75,0.763719798611111
0.75,0.679122032064834
0.75,0.402429
0.75,0.324891644444445
0.75,0.571478292175162
0.75,0.505435696404992
0.75,0.411072666666667
0.75,0.560611244556115
0.75,0.640863333333333
0.75,0.495782333333333
0.75,0.582183761904763
0,0.0572020000000001
0,0.0516303174603176
0,0.0620616666666668
0,0.290231666666667
0,0.0817020000000001
0,0.0702356666666668
0,0.0650573333333335
0,0.0796273333333335
0,0.0699570000000002
0,0.0736383333333335
0,0.132721
0,0.0778790000000001
0,0.0746770000000001
0,0.0866523333333335
0,0.080137650793651
0,0.0321766507936507
0,0.0382346507936508
0,0.0471573333333334
0,0.0772203333333334
0,0.142123333333334
1,0.983195666666668
1,0.990301000000001
1,0.997732666666667
1,0.996232333333335
1,0.996592666666668
1,0.999829666666667
1,0.992612666666668
1,0.995623333333336
1,0.998930000000001
1,0.987315333333335
1,0.991329666666667
1,0.997518666666668
1,0.985220000000002
1,0.997589333333334
1,0.999735333333333
1,0.996642000000001
1,0.994718000000002
1,0.998990000000001
1,0.957549666666669
1,0.962223333333336
0.25,0.120497
0.25,0.331423
0.25,0.134054
0.25,0.297196333333334
0.25,0.501549333333333
0.25,0.190996666666667
0.25,0.330770095238095
0.25,0.359570000000001
0.25,0.288368333333333
0.25,0.160876
0.25,0.222041952380953
0.25,0.0998430000000001
0.25,0.245507952380952
0.25,0.310953666666667
0.25,0.149766
0.25,0.112857666666667
0.25,0.345690666666667
0.25,0.154372333333333
0.25,0.0288559999999999
0.25,0.0695060000000002
0.75,0.797016666666667
0.75,0.71667
0.75,0.714769999999999
0.75,0.619409333333333
0.75,0.680723666666667
0.75,0.879451666666662
0.75,0.921090666666667
0.75,0.758233333333334
0.75,0.797158333333336
0.75,0.896431333333328
0.75,0.860133333333331
0.75,0.687258333333332
0.75,0.663575333333333
0.75,0.700121333333333
0.75,0.774538000000002
0.75,0.84736333333333
0.75,0.704399999999999
0.75,0.695793333333333
0.75,0.754207666666668
0.75,0.768250666666669
0,0.336057827956989
0,0.251283
0,0.288804202020202
0,0.320121666666666
0,0.513003
0,0.437586424242425
0,0.279698090909091
0,0.376333
0,0.684394238095239
0,0.330421757575757
0,0.356499666666666
0,0.412695805194805
0,0.329428333333333
0,0.358821
0,0.368712
0,0.495546571428572
0,0.323575868686869
0,0.349156161290322
0,0.349428002131871
0,0.424723666666667
1,0.989207000000004
1,0.991539333333335
1,0.994313333333336
1,0.996672333333335
1,0.995039000000003
1,0.993345333333336
1,0.994536666666669
1,0.995950666666669
1,0.996502333333335
1,0.993956666666669
1,0.993730000000002
1,0.996408333333335
1,0.993789000000003
1,0.986663333333337
1,0.983121333333334
1,0.991082666666669
1,0.992858000000002
1,0.99344166666667
1,0.99028666666667
1,0.996699666666668
0.25,0.326939333333333
0.25,0.523358825508495
0.25,0.341789533333334
0.25,0.461542290909091
0.25,0.618252666666667
0.25,0.501523263251107
0.25,0.644138682539683
0.25,0.653780666666667
0.25,0.357294290909091
0.25,0.359346710727969
0.25,0.307423111111111
0.25,0.457103640020899
0.25,0.365529333333333
0.25,0.557047333333334
0.25,0.344116
0.25,0.350338668798538
0.25,0.491854662571991
0.25,0.607648000000001
0.25,0.284688777777778
0.25,0.416924624242424
0.75,0.462497866666667
0.75,0.446281778083079
0.75,0.533920539518901
0.75,0.782795953535354
0.75,0.477007264935066
0.75,0.488832101275632
0.75,0.332101168085099
0.75,0.453311818170834
0.75,0.807351739130434
0.75,0.61319171500191
0.75,0.413190222222222
0.75,0.574353876036244
0.75,0.3036492
0.75,0.575272095238096
0.75,0.753809585455888
0.75,0.485066
0.75,0.431449333333333
0.75,0.640814294290207
0.75,0.557383916417587
0.75,0.572987336990596
0,0.184098666666667
0,0.0529393333333335
0,0.0130969999999999
0,0.0281123333333332
0,0.0160216666666666
0,0.0114066666666666
0,0.0229389999999999
0,0.0390363333333334
0,0.004417
0,0.0483830000000002
0,0.0255479999999999
0,0.0137676666666666
0,0.0661233333333336
0,0.0187689999999999
0,0.0243389999999999
0,0.0145976666666666
0,0.00927566666666661
0,0.014191
0,0.0266609999999999
0,0.127055595238095
1,0.991345333333335
1,0.988627000000001
1,0.973700570783828
1,0.984941333333336
1,0.986845333333337
1,0.996937666666668
1,0.992581333333335
1,0.989227666666669
1,0.993722666666669
1,0.982599333333335
1,0.994892000000002
1,0.977818666666668
1,0.991283000000001
1,0.994453666666669
1,0.989921000000001
1,0.994724000000002
1,0.990357666666668
1,0.986113333333337
1,0.988911000000001
1,0.994365000000002
0.25,0.0691990000000002
0.25,0.218487
0.25,0.153703333333334
0.25,0.167724666666667
0.25,0.223492666666667
0.25,0.295428
0.25,0.168877666666667
0.25,0.462526666666666
0.25,0.152168666666667
0.25,0.161744333333333
0.25,0.0579403333333335
0.25,0.26826
0.25,0.114747666666667
0.25,0.505703333333333
0.25,0.282758333333334
0.25,0.14646
0.25,0.167713333333334
0.25,0.15405
0.25,0.137691333333334
0.25,0.337900000000001
0.75,0.510446666666666
0.75,0.409891666666667
0.75,0.618796666666666
0.75,0.620646666666666
0.75,0.777371666666669
0.75,0.723300666666667
0.75,0.625026933333332
0.75,0.691349999999999
0.75,0.723353692307693
0.75,0.715308666666668
0.75,0.361617333333333
0.75,0.709051666666666
0.75,0.775573666666668
0.75,0.788643333333336
0.75,0.878102666666662
0.75,0.691286666666666
0.75,0.635010070083847
0.75,0.725056666666668
0.75,0.805520000000003
0.75,0.61609
0,0.341953961945031
0,0.433237916417587
0,0.344658533333333
0,0.400230636363637
0,0.447076282913166
0,0.457367666666667
0,0.198061129315516
0,0.533555083333334
0,0.309979
0,0.142999
0,0.244402513108614
0,0.299911110609376
0,0.138187
0,0.101220099378882
0,0.336383827956989
0,0.0780791624118346
0,0.573596285714286
0,0.643484575757577
0,0.0708320865259747
0,0.674915194805196
1,0.971292333333335
1,0.964468666666668
1,0.976714
1,0.929799666666667
1,0.990911000000003
1,0.990904000000002
1,0.979588000000002
1,0.971662000000001
1,0.954633489745989
1,0.991342333333337
1,0.994601666666668
1,0.976795000000002
1,0.973555333333334
1,0.962174333333333
1,0.978194666666668
1,0.986788333333336
1,0.910179571428568
1,0.985908666666669
1,0.990233000000002
1,0.957470000000002
0.25,0.528117064935066
0.25,0.600040000000001
0.25,0.452552628571429
0.25,0.278208100057148
0.25,0.463229547586417
0.25,0.42263616969697
0.25,0.426295636363636
0.25,0.547829620490622
0.25,0.412234957575758
0.25,0.278006666666667
0.25,0.528245928538799
0.25,0.519943997198881
0.25,0.561099946072017
0.25,0.447439634017596
0.25,0.496275
0.25,0.427705632268961
0.25,0.328552280808081
0.25,0.318385333333333
0.25,0.4016832
0.25,0.285748153271849
0.75,0.533231
0.75,0.595431169724674
0.75,0.695389636363636
0.75,0.570224090732911
0.75,0.534851436092809
0.75,0.518551280259642
0.75,0.489328265993267
0.75,0.658831000000001
0.75,0.416092965215866
0.75,0.590432782738096
0.75,0.767372714285713
0.75,0.474192232948077
0.75,0.517673915935486
0.75,0.516907892546152
0.75,0.509478990078139
0.75,0.455967202645047
0.75,0.504063487197558
0.75,0.640622333333334
0.75,0.463177375494071
0.75,0.590870347802827
0,0.259931682539683
0,0.0745614962042791
0,0.0589190476190479
0,0.0731265740740743
0,0.188773333333334
0,0.256790166666667
0,0.0858760000000001
0,0.21714
0,0.0656730000000002
0,0.0497450000000001
0,0.0477270000000001
0,0.0858438272506084
0,0.0593530000000002
0,0.0962187348134698
0,0.125202428571429
0,0.423564249084248
0,0.110411692307693
0,0.418583253968253
0,0.0553933333333335
0,0.339260333333334
1,0.986070333333334
1,0.967525666666669
1,0.976388666666668
1,0.992330000000002
1,0.988841000000002
1,0.992722000000002
1,0.993357000000003
1,0.979883333333335
1,0.995052000000002
1,0.987370333333336
1,0.974485333333336
1,0.994821000000002
1,0.985196000000003
1,0.983234666666669
1,0.995070333333336
1,0.985460000000003
1,0.98909666666667
1,0.977490254095579
1,0.996025000000002
1,0.992511000000002
0.25,0.186674333333333
0.25,0.591372084544695
0.25,0.430761333333333
0.25,0.257414371470494
0.25,0.198609
0.25,0.183779333333333
0.25,0.462013333333333
0.25,0.348976136896755
0.25,0.418496555555555
0.25,0.132347333333334
0.25,0.184414673076923
0.25,0.357935666666667
0.25,0.231733
0.25,0.242829703264291
0.25,0.208446026510213
0.25,0.495993393939393
0.25,0.325435848484849
0.25,0.435970000000001
0.25,0.498593333333333
0.25,0.196803666666667
0.75,0.644178333333333
0.75,0.753299333333335
0.75,0.724982963653813
0.75,0.776412523809527
0.75,0.497003333333333
0.75,0.815553333333334
0.75,0.797485333333334
0.75,0.616127999999999
0.75,0.785274666666668
0.75,0.759221666666666
0.75,0.671239069751361
0.75,0.789524000000001
0.75,0.71673
0.75,0.779510000000002
0.75,0.682276666666666
0.75,0.433477192688577
0.75,0.637811999999998
0.75,0.662078952380952
0.75,0.726586666666666
0.75,0.674472325814536
0,0.519086333333334
0,0.425647225196139
0,0.717591666666667
0,0.712973497835498
0,0.55677361904762
0,0.435521666666667
0,0.114345646972854
0,0.369464965602293
0,0.341994495278365
0,0.134196172982607
0,0.408052339794209
0,0.110058305748336
0,0.0903850013548019
0,0.167034781413686
0,0.43909696969697
0,0.187540737809183
0,0.335430836363637
0,0.7023156998557
0,0.105084384324093
0,0.30762972742924
1,0.967347333333334
1,0.977468666666669
1,0.926940333333333
1,0.99140966666667
1,0.952509333333334
1,0.922382238095236
1,0.994688000000003
1,0.976121016806725
1,0.987075000000002
1,0.988088666666668
1,0.989439333333335
1,0.986857666666669
1,0.985656666666671
1,0.971808904761905
1,0.975832333333336
1,0.964906333333335
1,0.988679000000002
1,0.965166168482007
1,0.992059000000002
1,0.987391333333336
0.25,0.4535442
0.25,0.491678230519482
0.25,0.490331746411484
0.25,0.486633636363637
0.25,0.4265582
0.25,0.370535977096546
0.25,0.704818128427129
0.25,0.508575555555556
0.25,0.318203535353535
0.25,0.297499475053646
0.25,0.616521497835498
0.25,0.441085292932325
0.25,0.502423200000001
0.25,0.300587456568688
0.25,0.637764666666667
0.25,0.434688806060607
0.25,0.64529390909091
0.25,0.424414132487667
0.25,0.470624303030303
0.25,0.818409303030302
0.75,0.751954414141415
0.75,0.616009961945033
0.75,0.564117037925898
0.75,0.618834920819491
0.75,0.63755722954615
0.75,0.572454878611699
0.75,0.565553159146337
0.75,0.521525971512505
0.75,0.527385358701996
0.75,0.438418652421223
0.75,0.467331897074049
0.75,0.583712322780276
0.75,0.568080590970843
0.75,0.653300307513915
0.75,0.50218013646644
0.75,0.472876263251108
0.75,0.512814687824517
0.75,0.485203641637856
0.75,0.484309957575758
0.75,0.627878303030303
0,0.0850224251849765
0,0.0953077972797292
0,0.0359452559735573
0,0.152906666666667
0,0.0706693902361099
0,0.109043
0,0.100097333333333
0,0.0613821468033341
0,0.0401376666666667
0,0.0833009319761438
0,0.0927709942421413
0,0.0317909999999999
0,0.0885222466816522
0,0.150098666666667
0,0.00974366666666661
0,0.0496104244281661
0,0.0670094033485543
0,0.0221019855072463
0,0.0392473333333333
0,0.0858170000000002
1,0.937712999999999
1,0.983851333333337
1,0.98231366666667
1,0.97827866666667
1,0.983591000000002
1,0.995713000000002
1,0.997784000000001
1,0.994654666666668
1,0.990863333333335
1,0.984231000000003
1,0.990428666666669
1,0.977591666666669
1,0.994718666666669
1,0.995644333333336
1,0.989967666666669
1,0.995006666666669
1,0.971348
1,0.985576333333336
1,0.968394333333335
1,0.976489333333337
0.25,0.201550666666667
0.25,0.163888657894737
0.25,0.214406215331662
0.25,0.18556632996633
0.25,0.0436495897435898
0.25,0.138481666666667
0.25,0.0195983333333333
0.25,0.372077527732657
0.25,0.400605000000001
0.25,0.206768333333334
0.25,0.0663961199787104
0.25,0.373495034798747
0.25,0.587805
0.25,0.287779143264442
0.25,0.0585923655325897
0.25,0.274054285714286
0.25,0.0647498518518521
0.25,0.304802104691114
0.25,0.473249000000001
0.25,0.165991666666667
0.75,0.825739333333332
0.75,0.720426333333334
0.75,0.516646255411255
0.75,0.818775666666667
0.75,0.653495179487179
0.75,0.740767000000001
0.75,0.880262666666663
0.75,0.594013809523809
0.75,0.747993333333334
0.75,0.681409999999999
0.75,0.785986666666669
0.75,0.89688566666666
0.75,0.435935755980862
0.75,0.836706999999998
0.75,0.844030999999999
0.75,0.750019
0.75,0.904233666666664
0.75,0.729317286763981
0.75,0.695687999999999
0.75,0.417434333333335
0,0.324481161290322
0,0.36098
0,0.285605416666667
0,0.279009202020202
0,0.304061666666667
0,0.717961147186149
0,0.622233813852815
0,0.451404666666667
0,0.371314494623656
0,0.323287333333333
0,0.295211816138917
0,0.686032535064936
0,0.356490666666666
0,0.617491523809523
0,0.342639585532747
0,0.358556333333333
0,0.334884306687565
0,0.362698668798538
0,0.607065666666667
0,0.388466827956989
1,0.992789333333336
1,0.986330000000002
1,0.988046285714288
1,0.993819000000002
1,0.99073266666667
1,0.992658000000002
1,0.996952000000002
1,0.992139666666669
1,0.977088333333336
1,0.984494000000002
1,0.993971333333336
1,0.994211333333336
1,0.994071000000002
1,0.996844000000001
1,0.995148666666668
1,0.994302666666668
1,0.993353000000003
1,0.988394666666669
1,0.993515333333336
1,0.993892333333335
0.25,0.424430836363636
0.25,0.65331990909091
0.25,0.330074666666667
0.25,0.618119242424243
0.25,0.458810333333334
0.25,0.345481251461989
0.25,0.340461
0.25,0.312037
0.25,0.707189242424243
0.25,0.514245954774639
0.25,0.756779909090909
0.25,0.433968333333334
0.25,0.529424158841829
0.25,0.357316111111111
0.25,0.653649194805196
0.25,0.742232575757576
0.25,0.641601575757577
0.25,0.352908161290322
0.25,0.293363
0.25,0.604996619047619
0.75,0.767081663492062
0.75,0.554106095238097
0.75,0.404689666666667
0.75,0.30087216969697
0.75,0.835171666666666
0.75,0.479905594546722
0.75,0.716473333333334
0.75,0.389768491359215
0.75,0.522727333333334
0.75,0.418064961904762
0.75,0.636274966129614
0.75,0.440566666666667
0.75,0.543906418276855
0.75,0.707017333333333
0.75,0.639322
0.75,0.473074857142857
0.75,0.765936575757576
0.75,0.49690853968254
0.75,0.345809
0.75,0.618641201178271
0,0.0131285333333333
0,0.01039
0,0.0207039999999999
0,0.0120196666666666
0,0.0233933333333333
0,0.0270383333333333
0,0.0209933333333332
0,0.00942233333333328
0,0.020039
0,0.0106953333333333
0,0.0426376666666668
0,0.0082363333333333
0,0.135855261904762
0,0.0361086666666667
0,0.0263409999999999
0,0.0428643333333335
0,0.0211616666666666
0,0.0306048666666666
0,0.0110946666666666
0,0.00646999999999997
1,0.992870333333335
1,0.986878000000002
1,0.993149000000002
1,0.994315000000002
1,0.996432666666669
1,0.987611333333335
1,0.978005333333335
1,0.993655333333334
1,0.993482000000003
1,0.982783333333336
1,0.987739000000003
1,0.992298000000002
1,0.992946000000002
1,0.998747000000001
1,0.990512666666668
1,0.976124000000002
1,0.981317000000001
1,0.997533000000001
1,0.965412000000001
1,0.989581333333335
0.25,0.110338761904762
0.25,0.147400428571429
0.25,0.281482333333334
0.25,0.0976810000000004
0.25,0.0170793333333333
0.25,0.340976666666667
0.25,0.341683333333334
0.25,0.0252846666666666
0.25,0.338220000000002
0.25,0.0648550000000003
0.25,0.469847333333334
0.25,0.397346666666668
0.25,0.425708333333334
0.25,0.405093333333335
0.25,0.197753000000001
0.25,0.181175666666667
0.25,0.245924
0.25,0.194017333333334
0.25,0.533356666666666
0.25,0.164791666666667
0.75,0.728546666666666
0.75,0.670083333333332
0.75,0.724020666666668
0.75,0.564881818181817
0.75,0.769122666666666
0.75,0.548709999999999
0.75,0.898008999999995
0.75,0.603769999999999
0.75,0.655806666666665
0.75,0.797403666666668
0.75,0.691533333333332
0.75,0.683325181818183
0.75,0.721126666666668
0.75,0.848066333333331
0.75,0.852596333333332
0.75,0.68979
0.75,0.543166666666665
0.75,0.421380666666669
0.75,0.793309333333336
0.75,0.865872666666664
0,0.0198593333333333
0,0.0299599999999999
0,0.0599770000000002
0,0.02618
0,0.0622180000000002
0,0.0288056666666666
0,0.0280489999999999
0,0.0329636666666666
0,0.03432
0,0.0220813333333332
0,0.0321456666666666
0,0.034155
0,0.039607
0,0.0620160000000002
0,0.0182233333333333
0,0.0414833333333334
0,0.0544593333333335
0,0.0430063333333335
0,0.0740423333333335
0,0.0211943333333333
1,0.994649000000002
1,0.988479000000002
1,0.982722000000002
1,0.99232666666667
1,0.991667000000002
1,0.994100000000003
1,0.99364566666667
1,0.988413333333336
1,0.980906666666668
1,0.983629000000003
1,0.987624666666669
1,0.993277333333335
1,0.989675666666669
1,0.992178000000002
1,0.988578000000003
1,0.993702333333336
1,0.994163666666669
1,0.985877000000004
1,0.994488333333336
1,0.97809066666667
0.25,0.383136666666667
0.25,0.222073
0.25,0.343576666666667
0.25,0.436124000000001
0.25,0.236885
0.25,0.221067705882353
0.25,0.0356780000000001
0.25,0.29397
0.25,0.313260666666667
0.25,0.339014000000001
0.25,0.427424000000001
0.25,0.30435
0.25,0.0478063333333334
0.25,0.0255133333333333
0.25,0.522536564102563
0.25,0.375575
0.25,0.203126333333333
0.25,0.269161666666667
0.25,0.0406876666666667
0.25,0.133329
0.75,0.58576
0.75,0.817615333333334
0.75,0.515033333333334
0.75,0.807950333333334
0.75,0.752708666666668
0.75,0.551866666666667
0.75,0.721381666666667
0.75,0.859112333333331
0.75,0.693919583333333
0.75,0.699200956140352
0.75,0.603197043503055
0.75,0.880907999999997
0.75,0.753128380952381
0.75,0.66727
0.75,0.789317666666667
0.75,0.713103333333332
0.75,0.69208325
0.75,0.660063333333333
0.75,0.744628333333334
0.75,0.602106167742085
0,0.0519560000000003
0,0.0451606666666668
0,0.0211039999999999
0,0.0206343333333333
0,0.035471
0,0.057766666666667
0,0.0227628187919462
0,0.0189989999999999
0,0.0355965938566553
0,0.0213965938566552
0,0.0265553333333333
0,0.0286439999999999
0,0.0220588187919462
0,0.0397416666666668
0,0.0314726539859919
0,0.0276466666666666
0,0.0218236666666666
0,0.0232806666666666
0,0.0884413333333336
0,0.0462999271899888
1,0.993544666666668
1,0.995364000000001
1,0.995070666666667
1,0.988934666666668
1,0.998897333333334
1,0.993412333333334
1,0.999237666666667
1,0.994335666666667
1,0.993688000000001
1,0.994843333333335
1,0.997833333333334
1,0.973523000000001
1,0.972463000000002
1,0.978699000000001
1,0.983686333333335
1,0.988259000000002
1,0.997055333333335
1,0.993947000000002
1,0.976097666666668
1,0.983800000000001
0.25,0.372216666666669
0.25,0.296363333333334
0.25,0.0371650000000001
0.25,0.372546666666668
0.25,0.339798666666668
0.25,0.316904714285715
0.25,0.337780000000001
0.25,0.330716666666668
0.25,0.187950666666666
0.25,0.342107333333335
0.25,0.568118333333332
0.25,0.415603333333334
0.25,0.215278333333333
0.25,0.0869010000000002
0.25,0.321464000000001
0.25,0.357366666666668
0.25,0.118963333333334
0.25,0.31305
0.25,0.119821666666667
0.25,0.130275333333334
0.75,0.701803333333331
0.75,0.81193666666667
0.75,0.562069999999999
0.75,0.637983333333332
0.75,0.711866666666666
0.75,0.588136666666666
0.75,0.737480000000001
0.75,0.700991333333333
0.75,0.850296666666666
0.75,0.642889999999999
0.75,0.667636666666665
0.75,0.497723333333333
0.75,0.847346666666667
0.75,0.659723333333331
0.75,0.674013333333332
0.75,0.703317333333333
0.75,0.868061666666663
0.75,0.439056666666668
0.75,0.814946666666671
0.75,0.713889999999998
0,0.42594451948052
0,0.341369333333333
0,0.615376480519482
0,0.449019090909092
0,0.450596757575758
0,0.442367333333334
0,0.310491535353535
0,0.350061668798538
0,0.309686202020202
0,0.412716533333333
0,0.343573666666667
0,0.275828
0,0.423175000000001
0,0.680045904761905
0,0.309869202020202
0,0.335692658914729
0,0.352486161290322
0,0.633687147186148
0,0.332786666666666
0,0.388968761904762
1,0.989183666666669
1,0.990756333333336
1,0.99381366666667
1,0.995070666666669
1,0.996576666666668
1,0.991817000000003
1,0.997087333333335
1,0.981839333333336
1,0.992751333333336
1,0.995701333333334
1,0.993765000000003
1,0.992539000000004
1,0.930619547785548
1,0.991351000000002
1,0.993084000000003
1,0.977997181818184
1,0.953502333333335
1,0.990301000000002
1,0.996972000000001
1,0.993906666666669
0.25,0.318161252199413
0.25,0.395093335465205
0.25,0.37424916969697
0.25,0.505635000000001
0.25,0.707272111111111
0.25,0.535206533333334
0.25,0.370553768627451
0.25,0.344362735353536
0.25,0.346468161290322
0.25,0.518796288107972
0.25,0.471580866666667
0.25,0.568553621441305
0.25,0.475890664320626
0.25,0.357743827956989
0.25,0.30799517742924
0.25,0.518568663865548
0.25,0.3990802
0.25,0.397440625252525
0.25,0.272218111417283
0.25,0.431512687493531
0.75,0.491007929917774
0.75,0.633193
0.75,0.626056333333334
0.75,0.497369596584441
0.75,0.550494288107972
0.75,0.453414533333334
0.75,0.358768
0.75,0.591461955898269
0.75,0.354680273646218
0.75,0.732819575757576
0.75,0.393092775792425
0.75,0.503205979235213
0.75,0.579260421441305
0.75,0.464227290909091
0.75,0.456749290909091
0.75,0.61576796969697
0.75,0.355224666666667
0.75,0.625080333333334
0.75,0.388871161154682
0.75,0.535357333333334
0,0.137441523809524
0,0.10809
0,0.127257
0,0.0455556666666668
0,0.0871663333333335
0,0.0781113333333335
0,0.119232
0,0.0669133333333337
0,0.0448556666666667
0,0.0715590000000002
0,0.0554276666666668
0,0.0285386666666666
0,0.0706613333333335
0,0.0565213333333336
0,0.0429099047619049
0,0.112125666666667
0,0.0893796666666668
0,0.0570746666666669
0,0.0862636666666668
0,0.097162982905983
1,0.980865333333336
1,0.99112266666667
1,0.994839666666669
1,0.986888000000002
1,0.991449333333336
1,0.991813666666669
1,0.993860000000003
1,0.978057333333335
1,0.988370333333336
1,0.978697666666668
1,0.995148000000002
1,0.990835666666669
1,0.99374266666667
1,0.991186333333337
1,0.994418333333336
1,0.986758666666669
1,0.993843333333336
1,0.99145466666667
1,0.992387333333335
1,0.98805466666667
0.25,0.138608333333333
0.25,0.41623
0.25,0.247897333333333
0.25,0.0627190000000002
0.25,0.470506363636363
0.25,0.540799999999999
0.25,0.292265333333334
0.25,0.237641666666667
0.25,0.239040666666666
0.25,0.29651
0.25,0.321546666666667
0.25,0.649332333333332
0.25,0.128511909886741
0.25,0.399754000000001
0.25,0.413793666666667
0.25,0.298350666666667
0.25,0.378696666666668
0.25,0.320193333333334
0.25,0.265378666666667
0.25,0.313974
0.75,0.876401666666663
0.75,0.69318
0.75,0.856122999999998
0.75,0.744116666666667
0.75,0.88073933333333
0.75,0.766386666666668
0.75,0.708083333333332
0.75,0.677391333333333
0.75,0.866457999999996
0.75,0.561593333333333
0.75,0.656027694860038
0.75,0.745294181818183
0.75,0.791098666666669
0.75,0.592653333333333
0.75,0.824301666666668
0.75,0.796198666666668
0.75,0.70192
0.75,0.690235333333332
0.75,0.741705
0.75,0.769877666666667
0,0.72736460894661
0,0.597442358770429
0,0.423033628611699
0,0.480146292175162
0,0.425999666666667
0,0.359795333333333
0,0.0827245777485256
0,0.516044104802175
0,0.447502215728716
0,0.103618419810996
0,0.316283729917773
0,0.110896344770924
0,0.106507673408532
0,0.139863814787
0,0.407101
0,0.0746830035531946
0,0.519874247659318
0,0.462975398268399
0,0.0952556032625941
0,0.668184033189034
1,0.913671824020445
1,0.935328166248499
1,0.989634000000002
1,0.960771833333333
1,0.886903416344864
1,0.982998333333335
1,0.974293000000001
1,0.986413333333336
1,0.941120495416348
1,0.911517053140039
1,0.915690607542615
1,0.967079053174101
1,0.966465588235295
1,0.965777147683814
1,0.967634236313456
1,0.943913899857931
1,0.976241333333335
1,0.932452879629642
1,0.977760333333336
1,0.971439278542743
0.25,0.438734636363637
0.25,0.507412445887447
0.25,0.448388984848485
0.25,0.365828375543406
0.25,0.622924325581396
0.25,0.415706738324421
0.25,0.645694934609251
0.25,0.521501872852234
0.25,0.431833132487667
0.25,0.478575961945032
0.25,0.460309500906071
0.25,0.497622653864224
0.25,0.432157828611699
0.25,0.545509889005393
0.25,0.363048961945031
0.25,0.768495747474747
0.25,0.540253621441305
0.25,0.442948961945032
0.25,0.556099342897413
0.25,0.414177295278365
0.75,0.55642188888889
0.75,0.754128136723835
0.75,0.526069755672145
0.75,0.482570382579953
0.75,0.611189614093553
0.75,0.428983558529472
0.75,0.520877924437375
0.75,0.765253791666666
0.75,0.383019100240228
0.75,0.502273199318769
0.75,0.646686961945032
0.75,0.651262374537299
0.75,0.486396806687566
0.75,0.463412345457577
0.75,0.569249654946475
0.75,0.564380988279808
0.75,0.500248487197558
0.75,0.514883437950938
0.75,0.518294096865667
0.75,0.607256902752011
0,0.0669876666666668
0,0.0986027504160099
0,0.145881720180047
0,0.174474205882353
0,0.0900958973965719
0,0.179455666666667
0,0.193428178548397
0,0.0557433291978556
0,0.118331885958488
0,0.102226804481228
0,0.0612719531900228
0,0.075537318164564
0,0.0789664223969001
0,0.0802992829861041
0,0.0920965789131352
0,0.0396133636363637
0,0.0400320708675393
0,0.0900585834147287
0,0.0673756303248333
0,0.0982990667793506
1,0.955085314252051
1,0.931835571428569
1,0.957154842105262
1,0.944816528529352
1,0.95129474125485
1,0.992872000000002
1,0.968340666666669
1,0.884916063288256
1,0.958882551418346
1,0.930844723270441
1,0.929186333333333
1,0.943819580909358
1,0.988372833333336
1,0.932507333333334
1,0.936493904761904
1,0.954633568706399
1,0.945522333333333
1,0.964107140333936
1,0.978733666666668
1,0.972096658263307
0.25,0.168043990851533
0.25,0.555146666666667
0.25,0.497662777777777
0.25,0.157480702171471
0.25,0.0109179999999999
0.25,0.222496854617605
0.25,0.233461808303077
0.25,0.310206974651531
0.25,0.136676552302909
0.25,0.259331171171171
0.25,0.413690414183175
0.25,0.261672169676756
0.25,0.366594865528721
0.25,0.0785381543200484
0.25,0.446491177944863
0.25,0.100507156004813
0.25,0.274056975766556
0.25,0.366737237167594
0.25,0.222854134449538
0.25,0.116701539231918
0.75,0.70571
0.75,0.669163640625
0.75,0.53062888267483
0.75,0.850915303545294
0.75,0.860973897435894
0.75,0.733388
0.75,0.627959415095898
0.75,0.527441736432795
0.75,0.826179333333334
0.75,0.771971664105057
0.75,0.840614019323916
0.75,0.612410333333334
0.75,0.745338666666669
0.75,0.674769666666668
0.75,0.776920000000001
0.75,0.630555290943102
0.75,0.849733491812755
0.75,0.540842088527862
0.75,0.723304963369413
0.75,0.875673965068472
